Sequence,Owner,Name,Segment
LLLIALLALLLGFLLGTLILI,Josh,Design_Ile_mutant,14
LLLAALLALLLIFLLGTLILI,Josh,Design_Ile_mutant,14
LLLAALLILLLGFLLGTLILI,Josh,Design_Ile_mutant,14
LLLAALLALLLGFLLITLILI,Josh,Design_Ile_mutant,14
LLLAALLFLLLILLLGTLILI,Josh,Design_Ile_mutant,14
LLLAALLFLLLGLLLITLILI,Josh,Design_Ile_mutant,14
LLLIFLLALLLGVLLGTLILI,Josh,Design_Ile_mutant,14
LLLAFLLALLLGVLLITLILI,Josh,Design_Ile_mutant,14
LLLAFLLALLLIVLLGTLILI,Josh,Design_Ile_mutant,14
LLLIFLLATLLGLLLGVLILI,Josh,Design_Ile_mutant,14
LLLAFLLATLLGLLLIVLILI,Josh,Design_Ile_mutant,14
LLLAFLLATLLILLLGVLILI,Josh,Design_Ile_mutant,14
LLLAFLLIALLGILLTLLILI,Josh,Design_Ile_mutant,14
LLLAFLLGALLIILLTLLILI,Josh,Design_Ile_mutant,14
LLLIFLLGALLGILLTLLILI,Josh,Design_Ile_mutant,14
LLLIFLLGILLGLLLGTLILI,Josh,Design_Ile_mutant,14
LLLAFLLIILLGLLLGTLILI,Josh,Design_Ile_mutant,14
LLLAFLLGILLILLLGTLILI,Josh,Design_Ile_mutant,14
LLLAFLLGILLGLLLITLILI,Josh,Design_Ile_mutant,14
LLLAFLLGLLLITLLGILILI,Josh,Design_Ile_mutant,14
LLLAFLLILLLGTLLGILILI,Josh,Design_Ile_mutant,14
LLLAFLLGLLLGTLLIILILI,Josh,Design_Ile_mutant,14
LLLIFLLGLLLGTLLGILILI,Josh,Design_Ile_mutant,14
LLLAFLLGLLLITLLGVLILI,Josh,Design_Ile_mutant,14
LLLAFLLILLLGTLLGVLILI,Josh,Design_Ile_mutant,14
LLLAFLLGLLLGTLLIVLILI,Josh,Design_Ile_mutant,14
LLLIFLLGLLLGTLLGVLILI,Josh,Design_Ile_mutant,14
LLLAFLLILLLGVLLGTLILI,Josh,Design_Ile_mutant,14
LLLAFLLGLLLIVLLGTLILI,Josh,Design_Ile_mutant,14
LLLIFLLGLLLGVLLGTLILI,Josh,Design_Ile_mutant,14
LLLAFLLGLLLGVLLITLILI,Josh,Design_Ile_mutant,14
LLLAFLLISLLGILLTLLILI,Josh,Design_Ile_mutant,14
LLLIFLLGSLLGILLTLLILI,Josh,Design_Ile_mutant,14
LLLAFLLGSLLIILLTLLILI,Josh,Design_Ile_mutant,14
LLLAFLLITLLGLLLAVLILI,Josh,Design_Ile_mutant,14
LLLAFLLGTLLILLLAVLILI,Josh,Design_Ile_mutant,14
LLLIFLLGTLLGLLLAVLILI,Josh,Design_Ile_mutant,14
LLLIFLLGTLLGLLLGVLILI,Josh,Design_Ile_mutant,14
LLLAFLLGTLLGLLLIVLILI,Josh,Design_Ile_mutant,14
LLLAFLLGTLLILLLGVLILI,Josh,Design_Ile_mutant,14
LLLAFLLITLLGLLLGVLILI,Josh,Design_Ile_mutant,14
LLLAFLLGTLLILLLGYLILI,Josh,Design_Ile_mutant,14
LLLAFLLGTLLGLLLIYLILI,Josh,Design_Ile_mutant,14
LLLAFLLITLLGLLLGYLILI,Josh,Design_Ile_mutant,14
LLLIFLLGTLLGLLLGYLILI,Josh,Design_Ile_mutant,14
LLLIFLLGTLLGVLLGLLILI,Josh,Design_Ile_mutant,14
LLLAFLLITLLGVLLGLLILI,Josh,Design_Ile_mutant,14
LLLAFLLGTLLIVLLGLLILI,Josh,Design_Ile_mutant,14
LLLAFLLGTLLGVLLILLILI,Josh,Design_Ile_mutant,14
LLLAFLLGTLLIYLLGLLILI,Josh,Design_Ile_mutant,14
LLLIFLLGTLLGYLLGLLILI,Josh,Design_Ile_mutant,14
LLLAFLLGTLLGYLLILLILI,Josh,Design_Ile_mutant,14
LLLAFLLITLLGYLLGLLILI,Josh,Design_Ile_mutant,14
LLLAFLLGVLLIILLGLLILI,Josh,Design_Ile_mutant,14
LLLAFLLIVLLGILLGLLILI,Josh,Design_Ile_mutant,14
LLLAFLLGVLLGILLILLILI,Josh,Design_Ile_mutant,14
LLLIFLLGVLLGILLGLLILI,Josh,Design_Ile_mutant,14
LLLAFLLIVLLGLLLGTLILI,Josh,Design_Ile_mutant,14
LLLAFLLGVLLGLLLITLILI,Josh,Design_Ile_mutant,14
LLLAFLLGVLLILLLGTLILI,Josh,Design_Ile_mutant,14
LLLIFLLGVLLGLLLGTLILI,Josh,Design_Ile_mutant,14
LLLAFLLIVLLGLLLGYLILI,Josh,Design_Ile_mutant,14
LLLAFLLGVLLGLLLIYLILI,Josh,Design_Ile_mutant,14
LLLAFLLGVLLILLLGYLILI,Josh,Design_Ile_mutant,14
LLLIFLLGVLLGLLLGYLILI,Josh,Design_Ile_mutant,14
LLLAFLLGVLLITLLGLLILI,Josh,Design_Ile_mutant,14
LLLAFLLIVLLGTLLGLLILI,Josh,Design_Ile_mutant,14
LLLAFLLGVLLGTLLILLILI,Josh,Design_Ile_mutant,14
LLLIFLLGVLLGTLLGLLILI,Josh,Design_Ile_mutant,14
LLLAFLLVLLLGLLLITLILI,Josh,Design_Ile_mutant,14
LLLAFLLVLLLILLLGTLILI,Josh,Design_Ile_mutant,14
LLLAGLLFLLLGTLLIVLILI,Josh,Design_Ile_mutant,14
LLLAGLLFLLLITLLAVLILI,Josh,Design_Ile_mutant,14
LLLAGLLFTLLGLLLIYLILI,Josh,Design_Ile_mutant,14
LLLAGLLFTLLILLLGYLILI,Josh,Design_Ile_mutant,14
LLLAGLLFVLLGILLILLILI,Josh,Design_Ile_mutant,14
LLLAGLLFVLLIILLSLLILI,Josh,Design_Ile_mutant,14
LLLAGLLYFLLGVLLILLILI,Josh,Design_Ile_mutant,14
LLLAGLLYFLLIVLLGLLILI,Josh,Design_Ile_mutant,14
LLLAGLLYILLILLLGFLILI,Josh,Design_Ile_mutant,14
LLLAGLLYILLGLLLIFLILI,Josh,Design_Ile_mutant,14
LLLAGLLYLLLGLLLIFLILI,Josh,Design_Ile_mutant,14
LLLAGLLYLLLILLLGFLILI,Josh,Design_Ile_mutant,14
LLLAGLLYLLLGTLLIFLILI,Josh,Design_Ile_mutant,14
LLLAGLLYLLLITLLSFLILI,Josh,Design_Ile_mutant,14
LLLAILLGVLLILLLGFLILI,Josh,Design_Ile_mutant,14
LLLAILLGVLLGLLLIFLILI,Josh,Design_Ile_mutant,14
LLLIILLGVLLGLLLGFLILI,Josh,Design_Ile_mutant,14
LLLAILLIVLLGLLLGFLILI,Josh,Design_Ile_mutant,14
LLLALLLGFLLIILLGTLILI,Josh,Design_Ile_mutant,14
LLLALLLGFLLGILLITLILI,Josh,Design_Ile_mutant,14
LLLALLLIFLLGILLGTLILI,Josh,Design_Ile_mutant,14
LLLILLLGFLLGILLGTLILI,Josh,Design_Ile_mutant,14
LLLALLLIFLLGTLLGVLILI,Josh,Design_Ile_mutant,14
LLLALLLGFLLITLLGVLILI,Josh,Design_Ile_mutant,14
LLLILLLGFLLGTLLGVLILI,Josh,Design_Ile_mutant,14
LLLALLLGFLLGTLLIVLILI,Josh,Design_Ile_mutant,14
LLLALLLGFLLGVLLITLILI,Josh,Design_Ile_mutant,14
LLLILLLGFLLGVLLGTLILI,Josh,Design_Ile_mutant,14
LLLALLLIFLLGVLLGTLILI,Josh,Design_Ile_mutant,14
LLLALLLGFLLIVLLGTLILI,Josh,Design_Ile_mutant,14
LLLALLLGILLGFLLITLILI,Josh,Design_Ile_mutant,14
LLLALLLGILLIFLLGTLILI,Josh,Design_Ile_mutant,14
LLLALLLIILLGFLLGTLILI,Josh,Design_Ile_mutant,14
LLLILLLGILLGFLLGTLILI,Josh,Design_Ile_mutant,14
LLLALLLGILLGLLLIFLILI,Josh,Design_Ile_mutant,14
LLLALLLGILLILLLGFLILI,Josh,Design_Ile_mutant,14
LLLILLLGILLGLLLGFLILI,Josh,Design_Ile_mutant,14
LLLALLLIILLGLLLGFLILI,Josh,Design_Ile_mutant,14
LLLILLLGILLGTLLGFLILI,Josh,Design_Ile_mutant,14
LLLALLLGILLGTLLIFLILI,Josh,Design_Ile_mutant,14
LLLALLLGILLITLLGFLILI,Josh,Design_Ile_mutant,14
LLLALLLIILLGTLLGFLILI,Josh,Design_Ile_mutant,14
LLLALLLGILLIVLLGTLILI,Josh,Design_Ile_mutant,14
LLLALLLIILLGVLLGTLILI,Josh,Design_Ile_mutant,14
LLLALLLGILLGVLLITLILI,Josh,Design_Ile_mutant,14
LLLILLLGILLGVLLGTLILI,Josh,Design_Ile_mutant,14
LLLALLLILLLGTLLAFLILI,Josh,Design_Ile_mutant,14
LLLALLLGLLLITLLAFLILI,Josh,Design_Ile_mutant,14
LLLILLLGLLLGTLLAFLILI,Josh,Design_Ile_mutant,14
LLLALLLGLLLGTLLIFLILI,Josh,Design_Ile_mutant,14
LLLALLLGLLLITLLGFLILI,Josh,Design_Ile_mutant,14
LLLALLLILLLGTLLGFLILI,Josh,Design_Ile_mutant,14
LLLALLLGLLLIVLLGTLILI,Josh,Design_Ile_mutant,14
LLLALLLILLLGVLLGTLILI,Josh,Design_Ile_mutant,14
LLLILLLGLLLGVLLGTLILI,Josh,Design_Ile_mutant,14
LLLALLLGLLLGVLLITLILI,Josh,Design_Ile_mutant,14
LLLALLLGTLLIILLSFLILI,Josh,Design_Ile_mutant,14
LLLALLLITLLGILLSFLILI,Josh,Design_Ile_mutant,14
LLLILLLGTLLGILLSFLILI,Josh,Design_Ile_mutant,14
LLLALLLGTLLGILLIFLILI,Josh,Design_Ile_mutant,14
LLLALLLGTLLILLLGFLILI,Josh,Design_Ile_mutant,14
LLLILLLGTLLGLLLGFLILI,Josh,Design_Ile_mutant,14
LLLALLLGTLLGLLLIFLILI,Josh,Design_Ile_mutant,14
LLLALLLITLLGLLLGFLILI,Josh,Design_Ile_mutant,14
LLLALLLGTLLGYLLIFLILI,Josh,Design_Ile_mutant,14
LLLALLLITLLGYLLGFLILI,Josh,Design_Ile_mutant,14
LLLALLLGTLLIYLLGFLILI,Josh,Design_Ile_mutant,14
LLLILLLGTLLGYLLGFLILI,Josh,Design_Ile_mutant,14
LLLALLLGVLLGFLLITLILI,Josh,Design_Ile_mutant,14
LLLILLLGVLLGFLLGTLILI,Josh,Design_Ile_mutant,14
LLLALLLIVLLGFLLGTLILI,Josh,Design_Ile_mutant,14
LLLALLLGVLLIFLLGTLILI,Josh,Design_Ile_mutant,14
LLLALLLGVLLILLLGFLILI,Josh,Design_Ile_mutant,14
LLLILLLGVLLGLLLGFLILI,Josh,Design_Ile_mutant,14
LLLALLLIVLLGLLLGFLILI,Josh,Design_Ile_mutant,14
LLLALLLGVLLGLLLIFLILI,Josh,Design_Ile_mutant,14
LLLALLLGVLLGTLLIFLILI,Josh,Design_Ile_mutant,14
LLLALLLGVLLITLLGFLILI,Josh,Design_Ile_mutant,14
LLLILLLGVLLGTLLGFLILI,Josh,Design_Ile_mutant,14
LLLALLLIVLLGTLLGFLILI,Josh,Design_Ile_mutant,14
LLLALLLTVLLGSLLIWLILI,Josh,Design_Ile_mutant,14
LLLALLLTVLLISLLGWLILI,Josh,Design_Ile_mutant,14
LLLATLLIILLGLLLGFLILI,Josh,Design_Ile_mutant,14
LLLITLLGILLGLLLGFLILI,Josh,Design_Ile_mutant,14
LLLATLLGILLILLLGFLILI,Josh,Design_Ile_mutant,14
LLLATLLGILLGLLLIFLILI,Josh,Design_Ile_mutant,14
LLLAVLLFLLLILLLGTLILI,Josh,Design_Ile_mutant,14
LLLAVLLFLLLGLLLITLILI,Josh,Design_Ile_mutant,14
LLLAVLLFSLLGTLLIYLILI,Josh,Design_Ile_mutant,14
LLLAVLLFSLLITLLGYLILI,Josh,Design_Ile_mutant,14
LLLAVLLGFLLGILLILLILI,Josh,Design_Ile_mutant,14
LLLAVLLGFLLIILLSLLILI,Josh,Design_Ile_mutant,14
LLLIVLLGFLLGILLSLLILI,Josh,Design_Ile_mutant,14
LLLAVLLIFLLGILLSLLILI,Josh,Design_Ile_mutant,14
LLLAVLLGFLLGLLLITLILI,Josh,Design_Ile_mutant,14
LLLAVLLIFLLGLLLGTLILI,Josh,Design_Ile_mutant,14
LLLAVLLGFLLILLLGTLILI,Josh,Design_Ile_mutant,14
LLLIVLLGFLLGLLLGTLILI,Josh,Design_Ile_mutant,14
LLLAVLLGFLLITLLGLLILI,Josh,Design_Ile_mutant,14
LLLAVLLGFLLGTLLILLILI,Josh,Design_Ile_mutant,14
LLLIVLLGFLLGTLLGLLILI,Josh,Design_Ile_mutant,14
LLLAVLLIFLLGTLLGLLILI,Josh,Design_Ile_mutant,14
LLLIVLLGILLGLLLGFLILI,Josh,Design_Ile_mutant,14
LLLAVLLIILLGLLLGFLILI,Josh,Design_Ile_mutant,14
LLLAVLLGILLILLLGFLILI,Josh,Design_Ile_mutant,14
LLLAVLLGILLGLLLIFLILI,Josh,Design_Ile_mutant,14
LLLAVLLIILLGLLLTFLILI,Josh,Design_Ile_mutant,14
LLLAVLLGILLILLLTFLILI,Josh,Design_Ile_mutant,14
LLLIVLLGILLGLLLTFLILI,Josh,Design_Ile_mutant,14
LLLAVLLILLLGFLLGTLILI,Josh,Design_Ile_mutant,14
LLLIVLLGLLLGFLLGTLILI,Josh,Design_Ile_mutant,14
LLLAVLLGLLLGFLLITLILI,Josh,Design_Ile_mutant,14
LLLAVLLGLLLIFLLGTLILI,Josh,Design_Ile_mutant,14
LLLAVLLILLLGLLLGFLILI,Josh,Design_Ile_mutant,14
LLLAVLLGLLLILLLGFLILI,Josh,Design_Ile_mutant,14
LLLAVLLGLLLGLLLIFLILI,Josh,Design_Ile_mutant,14
LLLIVLLGLLLGLLLGFLILI,Josh,Design_Ile_mutant,14
LLLAVLLGLLLGTLLIFLILI,Josh,Design_Ile_mutant,14
LLLAVLLILLLGTLLGFLILI,Josh,Design_Ile_mutant,14
LLLAVLLGLLLITLLGFLILI,Josh,Design_Ile_mutant,14
LLLIVLLGLLLGTLLGFLILI,Josh,Design_Ile_mutant,14
LLLAVLLISLLGILLTLLILI,Josh,Design_Ile_mutant,14
LLLIVLLGSLLGILLTLLILI,Josh,Design_Ile_mutant,14
LLLAVLLGSLLIILLTLLILI,Josh,Design_Ile_mutant,14
LLLAVLLTTLLGALLILLILI,Josh,Design_Ile_mutant,14
LLLAVLLTTLLIALLGLLILI,Josh,Design_Ile_mutant,14
LLLAVLLYILLILLLGTLILI,Josh,Design_Ile_mutant,14
LLLAVLLYILLGLLLITLILI,Josh,Design_Ile_mutant,14
LLLAVLLYLLLGTLLIFLILI,Josh,Design_Ile_mutant,14
LLLAVLLYLLLITLLAFLILI,Josh,Design_Ile_mutant,14
LLLAVLLYTLLGGLLILLILI,Josh,Design_Ile_mutant,14
LLLAVLLYTLLIGLLALLILI,Josh,Design_Ile_mutant,14
LLLAVLLYTLLILLLGFLILI,Josh,Design_Ile_mutant,14
LLLAVLLYTLLGLLLIFLILI,Josh,Design_Ile_mutant,14
LLLIYLLALLLGFLLGTLILI,Josh,Design_Ile_mutant,14
LLLAYLLALLLIFLLGTLILI,Josh,Design_Ile_mutant,14
LLLAYLLALLLGFLLITLILI,Josh,Design_Ile_mutant,14
LLLIYLLAVLLGLLLGFLILI,Josh,Design_Ile_mutant,14
LLLAYLLAVLLGLLLIFLILI,Josh,Design_Ile_mutant,14
LLLAYLLAVLLILLLGFLILI,Josh,Design_Ile_mutant,14
LLLAYLLFTLLGALLILLILI,Josh,Design_Ile_mutant,14
LLLAYLLFTLLIALLGLLILI,Josh,Design_Ile_mutant,14
LLLAYLLFTLLISLLGLLILI,Josh,Design_Ile_mutant,14
LLLAYLLFTLLGSLLILLILI,Josh,Design_Ile_mutant,14
LLLAYLLFVLLGTLLILLILI,Josh,Design_Ile_mutant,14
LLLAYLLFVLLITLLGLLILI,Josh,Design_Ile_mutant,14
LLLAYLLGFLLITLLGLLILI,Josh,Design_Ile_mutant,14
LLLAYLLGFLLGTLLILLILI,Josh,Design_Ile_mutant,14
LLLAYLLIFLLGTLLGLLILI,Josh,Design_Ile_mutant,14
LLLIYLLGFLLGTLLGLLILI,Josh,Design_Ile_mutant,14
LLLIYLLGLLLGFLLATLILI,Josh,Design_Ile_mutant,14
LLLAYLLGLLLIFLLATLILI,Josh,Design_Ile_mutant,14
LLLAYLLILLLGFLLATLILI,Josh,Design_Ile_mutant,14
LLLAYLLILLLGFLLGTLILI,Josh,Design_Ile_mutant,14
LLLAYLLGLLLGFLLITLILI,Josh,Design_Ile_mutant,14
LLLAYLLGLLLIFLLGTLILI,Josh,Design_Ile_mutant,14
LLLIYLLGLLLGFLLGTLILI,Josh,Design_Ile_mutant,14
LLLAYLLILLLGTLLAFLILI,Josh,Design_Ile_mutant,14
LLLIYLLGLLLGTLLAFLILI,Josh,Design_Ile_mutant,14
LLLAYLLGLLLGTLLIFLILI,Josh,Design_Ile_mutant,14
LLLAYLLGLLLITLLAFLILI,Josh,Design_Ile_mutant,14
LLLAYLLILLLGTLLGFLILI,Josh,Design_Ile_mutant,14
LLLAYLLGLLLITLLGFLILI,Josh,Design_Ile_mutant,14
LLLAYLLILLLGVLLGTLILI,Josh,Design_Ile_mutant,14
LLLAYLLGLLLIVLLGTLILI,Josh,Design_Ile_mutant,14
LLLIYLLGLLLGVLLGTLILI,Josh,Design_Ile_mutant,14
LLLAYLLGLLLGVLLITLILI,Josh,Design_Ile_mutant,14
LLLAYLLGTLLGFLLILLILI,Josh,Design_Ile_mutant,14
LLLIYLLGTLLGFLLGLLILI,Josh,Design_Ile_mutant,14
LLLAYLLGTLLIFLLGLLILI,Josh,Design_Ile_mutant,14
LLLAYLLITLLGFLLGLLILI,Josh,Design_Ile_mutant,14
LLLAYLLGTLLILLLAFLILI,Josh,Design_Ile_mutant,14
LLLAYLLITLLGLLLAFLILI,Josh,Design_Ile_mutant,14
LLLIYLLGTLLGLLLAFLILI,Josh,Design_Ile_mutant,14
LLLIYLLGTLLGLLLGFLILI,Josh,Design_Ile_mutant,14
LLLAYLLITLLGLLLGFLILI,Josh,Design_Ile_mutant,14
LLLAYLLGTLLGLLLIFLILI,Josh,Design_Ile_mutant,14
LLLAYLLGTLLILLLGFLILI,Josh,Design_Ile_mutant,14
LLLAYLLGTLLIVLLGLLILI,Josh,Design_Ile_mutant,14
LLLAYLLITLLGVLLGLLILI,Josh,Design_Ile_mutant,14
LLLIYLLGTLLGVLLGLLILI,Josh,Design_Ile_mutant,14
LLLAYLLGTLLGVLLILLILI,Josh,Design_Ile_mutant,14
LLLAYLLIVLLGFLLGLLILI,Josh,Design_Ile_mutant,14
LLLAYLLGVLLGFLLILLILI,Josh,Design_Ile_mutant,14
LLLAYLLGVLLIFLLGLLILI,Josh,Design_Ile_mutant,14
LLLIYLLGVLLGFLLGLLILI,Josh,Design_Ile_mutant,14
LLLAYLLGVLLILLLAFLILI,Josh,Design_Ile_mutant,14
LLLAYLLIVLLGLLLAFLILI,Josh,Design_Ile_mutant,14
LLLAYLLGVLLILLLGFLILI,Josh,Design_Ile_mutant,14
LLLAYLLIVLLGLLLGFLILI,Josh,Design_Ile_mutant,14
LLLIYLLGVLLGLLLGFLILI,Josh,Design_Ile_mutant,14
LLLAYLLGVLLGLLLIFLILI,Josh,Design_Ile_mutant,14
LLLAYLLGVLLITLLGLLILI,Josh,Design_Ile_mutant,14
LLLAYLLIVLLGTLLGLLILI,Josh,Design_Ile_mutant,14
LLLAYLLGVLLGTLLILLILI,Josh,Design_Ile_mutant,14
LLLAYLLLTLLIGLLSFLILI,Josh,Design_Ile_mutant,14
LLLAYLLLTLLGGLLIFLILI,Josh,Design_Ile_mutant,14
LLLIYLLSTLLGGLLFLLILI,Josh,Design_Ile_mutant,14
LLLAYLLSTLLIGLLFLLILI,Josh,Design_Ile_mutant,14
LLLAYLLITLLGGLLFLLILI,Josh,Design_Ile_mutant,14
LLLAYLLTVLLGLLLIFLILI,Josh,Design_Ile_mutant,14
LLLAYLLTVLLILLLGFLILI,Josh,Design_Ile_mutant,14
LLLAYLLVFLLILLLGTLILI,Josh,Design_Ile_mutant,14
LLLAYLLVFLLGLLLITLILI,Josh,Design_Ile_mutant,14
LLLFGLLAILLGILLTLLILI,Josh,Design_Ile_mutant,14
LLLFILLASLLGILLTLLILI,Josh,Design_Ile_mutant,14
LLLFGLLASLLIILLTLLILI,Josh,Design_Ile_mutant,14
LLLFGLLISLLGILLTLLILI,Josh,Design_Ile_mutant,14
LLLFLLLGILLGTLLIYLILI,Josh,Design_Ile_mutant,14
LLLFLLLGILLITLLAYLILI,Josh,Design_Ile_mutant,14
LLLFLLLIILLGTLLAYLILI,Josh,Design_Ile_mutant,14
LLLFLLLGILLGVLLITLILI,Josh,Design_Ile_mutant,14
LLLFLLLGILLIVLLATLILI,Josh,Design_Ile_mutant,14
LLLFLLLIILLGVLLATLILI,Josh,Design_Ile_mutant,14
LLLFLLLGLLLGVLLITLILI,Josh,Design_Ile_mutant,14
LLLFLLLGLLLIVLLGTLILI,Josh,Design_Ile_mutant,14
LLLFLLLILLLGVLLGTLILI,Josh,Design_Ile_mutant,14
LLLFLLLITLLGILLAVLILI,Josh,Design_Ile_mutant,14
LLLFLLLGTLLIILLAVLILI,Josh,Design_Ile_mutant,14
LLLFLLLGTLLGILLIVLILI,Josh,Design_Ile_mutant,14
LLLFTLLIALLGILLSLLILI,Josh,Design_Ile_mutant,14
LLLFTLLGALLIILLSLLILI,Josh,Design_Ile_mutant,14
LLLFTLLGALLGILLILLILI,Josh,Design_Ile_mutant,14
LLLFVLLILLLIALLGTLILI,Josh,Design_Ile_mutant,14
LLLFVLLILLLGALLITLILI,Josh,Design_Ile_mutant,14
LLLFVLLTLLLGLLLIALILI,Josh,Design_Ile_mutant,14
LLLFVLLTLLLILLLGALILI,Josh,Design_Ile_mutant,14
LLLFYLLGTLLGILLILLILI,Josh,Design_Ile_mutant,14
LLLFYLLGTLLIILLALLILI,Josh,Design_Ile_mutant,14
LLLFYLLITLLGILLALLILI,Josh,Design_Ile_mutant,14
LLLFYLLGTLLGVLLILLILI,Josh,Design_Ile_mutant,14
LLLFYLLGTLLIVLLALLILI,Josh,Design_Ile_mutant,14
LLLFYLLITLLGVLLALLILI,Josh,Design_Ile_mutant,14
LLLFYLLGVLLIILLALLILI,Josh,Design_Ile_mutant,14
LLLFYLLGVLLGILLILLILI,Josh,Design_Ile_mutant,14
LLLFYLLIVLLGILLALLILI,Josh,Design_Ile_mutant,14
LLLFYLLIVLLGLLLATLILI,Josh,Design_Ile_mutant,14
LLLFYLLGVLLILLLATLILI,Josh,Design_Ile_mutant,14
LLLFYLLGVLLGLLLITLILI,Josh,Design_Ile_mutant,14
LLLFYLLLILLIALLGTLILI,Josh,Design_Ile_mutant,14
LLLFYLLLILLGALLITLILI,Josh,Design_Ile_mutant,14
LLLFYLLLILLGGLLITLILI,Josh,Design_Ile_mutant,14
LLLFYLLLILLIGLLATLILI,Josh,Design_Ile_mutant,14
LLLFYLLLTLLIALLGILILI,Josh,Design_Ile_mutant,14
LLLFYLLLTLLGALLIILILI,Josh,Design_Ile_mutant,14
LLLFYLLLTLLGALLIWLILI,Josh,Design_Ile_mutant,14
LLLFYLLLTLLIALLGWLILI,Josh,Design_Ile_mutant,14
LLLFYLLLTLLGGLLIILILI,Josh,Design_Ile_mutant,14
LLLFYLLLTLLIGLLAILILI,Josh,Design_Ile_mutant,14
LLLFYLLVALLGLLLITLILI,Josh,Design_Ile_mutant,14
LLLFYLLVALLILLLGTLILI,Josh,Design_Ile_mutant,14
LLLFYLLVLLLGALLITLILI,Josh,Design_Ile_mutant,14
LLLFYLLVLLLIALLGTLILI,Josh,Design_Ile_mutant,14
LLLGALLILLLGTLLGFLILI,Josh,Design_Ile_mutant,14
LLLGALLALLLGTLLIFLILI,Josh,Design_Ile_mutant,14
LLLIALLALLLGTLLGFLILI,Josh,Design_Ile_mutant,14
LLLGALLALLLITLLGFLILI,Josh,Design_Ile_mutant,14
LLLGALLILLLGTLLSFLILI,Josh,Design_Ile_mutant,14
LLLIALLALLLGTLLSFLILI,Josh,Design_Ile_mutant,14
LLLGALLALLLITLLSFLILI,Josh,Design_Ile_mutant,14
LLLGLLLGFLLGVLLITLILI,Josh,Design_Ile_mutant,14
LLLGLLLGFLLIVLLGTLILI,Josh,Design_Ile_mutant,14
LLLGLLLIFLLGVLLGTLILI,Josh,Design_Ile_mutant,14
LLLGLLLGLLLITLLGFLILI,Josh,Design_Ile_mutant,14
LLLILLLGLLLGTLLGFLILI,Josh,Design_Ile_mutant,14
LLLGLLLILLLGTLLGFLILI,Josh,Design_Ile_mutant,14
LLLGLLLGLLLGTLLIFLILI,Josh,Design_Ile_mutant,14
LLLIYLLAALLGILLTLLILI,Josh,Design_Ile_mutant,14
LLLGYLLIALLGILLTLLILI,Josh,Design_Ile_mutant,14
LLLGYLLAALLIILLTLLILI,Josh,Design_Ile_mutant,14
LLLGYLLIALLGTLLFLLILI,Josh,Design_Ile_mutant,14
LLLIYLLAALLGTLLFLLILI,Josh,Design_Ile_mutant,14
LLLGYLLAALLITLLFLLILI,Josh,Design_Ile_mutant,14
LLLGYLLAFLLGLLLITLILI,Josh,Design_Ile_mutant,14
LLLIYLLAFLLGLLLGTLILI,Josh,Design_Ile_mutant,14
LLLGYLLAFLLILLLGTLILI,Josh,Design_Ile_mutant,14
LLLGYLLIFLLGLLLGTLILI,Josh,Design_Ile_mutant,14
LLLIYLLALLLGSLLAFLILI,Josh,Design_Ile_mutant,14
LLLGYLLALLLGSLLIFLILI,Josh,Design_Ile_mutant,14
LLLGYLLALLLISLLAFLILI,Josh,Design_Ile_mutant,14
LLLGYLLILLLGSLLAFLILI,Josh,Design_Ile_mutant,14
LLLGYLLASLLIILLALLILI,Josh,Design_Ile_mutant,14
LLLGYLLASLLGILLILLILI,Josh,Design_Ile_mutant,14
LLLGYLLISLLGILLALLILI,Josh,Design_Ile_mutant,14
LLLIYLLASLLGILLALLILI,Josh,Design_Ile_mutant,14
LLLGYLLISLLGILLTLLILI,Josh,Design_Ile_mutant,14
LLLGYLLASLLIILLTLLILI,Josh,Design_Ile_mutant,14
LLLIYLLASLLGILLTLLILI,Josh,Design_Ile_mutant,14
LLLGYLLITLLGFLLSLLILI,Josh,Design_Ile_mutant,14
LLLIYLLATLLGFLLSLLILI,Josh,Design_Ile_mutant,14
LLLGYLLATLLGFLLILLILI,Josh,Design_Ile_mutant,14
LLLGYLLATLLIFLLSLLILI,Josh,Design_Ile_mutant,14
LLLIYLLATLLGILLSLLILI,Josh,Design_Ile_mutant,14
LLLGYLLATLLGILLILLILI,Josh,Design_Ile_mutant,14
LLLGYLLITLLGILLSLLILI,Josh,Design_Ile_mutant,14
LLLGYLLATLLIILLSLLILI,Josh,Design_Ile_mutant,14
LLLGYLLFALLGVLLILLILI,Josh,Design_Ile_mutant,14
LLLGYLLFALLIVLLSLLILI,Josh,Design_Ile_mutant,14
LLLGYLLFLLLISLLAFLILI,Josh,Design_Ile_mutant,14
LLLGYLLFLLLGSLLIFLILI,Josh,Design_Ile_mutant,14
LLLLILLFALLGILLSTLILI,Josh,Design_Ile_mutant,14
LLLLALLFILLGILLSTLILI,Josh,Design_Ile_mutant,14
LLLLALLFALLIILLSTLILI,Josh,Design_Ile_mutant,14
LLLLALLFALLGILLITLILI,Josh,Design_Ile_mutant,14
LLLLFLLAILLGTLLIVLILI,Josh,Design_Ile_mutant,14
LLLLFLLAILLITLLGVLILI,Josh,Design_Ile_mutant,14
LLLLFLLIILLGTLLGVLILI,Josh,Design_Ile_mutant,14
LLLLFLLATLLGILLIVLILI,Josh,Design_Ile_mutant,14
LLLLFLLATLLIILLAVLILI,Josh,Design_Ile_mutant,14
LLLLFLLATLLIVLLAILILI,Josh,Design_Ile_mutant,14
LLLLFLLATLLGVLLIILILI,Josh,Design_Ile_mutant,14
LLLLFLLIVLLGILLSTLILI,Josh,Design_Ile_mutant,14
LLLLFLLAVLLIILLSTLILI,Josh,Design_Ile_mutant,14
LLLLFLLAVLLGILLITLILI,Josh,Design_Ile_mutant,14
LLLLFLLGTLLIILLAVLILI,Josh,Design_Ile_mutant,14
LLLLFLLITLLGILLAVLILI,Josh,Design_Ile_mutant,14
LLLLFLLGTLLGILLIVLILI,Josh,Design_Ile_mutant,14
LLLLFLLGTLLGVLLIILILI,Josh,Design_Ile_mutant,14
LLLLFLLGTLLIVLLAILILI,Josh,Design_Ile_mutant,14
LLLLFLLITLLGVLLAILILI,Josh,Design_Ile_mutant,14
LLLLFLLIVLLGILLATLILI,Josh,Design_Ile_mutant,14
LLLLFLLGVLLGILLITLILI,Josh,Design_Ile_mutant,14
LLLLFLLGVLLIILLATLILI,Josh,Design_Ile_mutant,14
LLLLGLLYVLLITLLAFLILI,Josh,Design_Ile_mutant,14
LLLLGLLYVLLGTLLIFLILI,Josh,Design_Ile_mutant,14
LLLLVLLATLLIGLLSILILI,Josh,Design_Ile_mutant,14
LLLLVLLITLLGGLLSILILI,Josh,Design_Ile_mutant,14
LLLLVLLATLLGGLLIILILI,Josh,Design_Ile_mutant,14
LLLLVLLITLLGYLLSFLILI,Josh,Design_Ile_mutant,14
LLLLVLLATLLIYLLSFLILI,Josh,Design_Ile_mutant,14
LLLLVLLATLLGYLLIFLILI,Josh,Design_Ile_mutant,14
LLLLVLLGILLITLLAFLILI,Josh,Design_Ile_mutant,14
LLLLVLLGILLGTLLIFLILI,Josh,Design_Ile_mutant,14
LLLLVLLIILLGTLLAFLILI,Josh,Design_Ile_mutant,14
LLLLVLLYILLGALLITLILI,Josh,Design_Ile_mutant,14
LLLLVLLYILLIALLGTLILI,Josh,Design_Ile_mutant,14
LLLLVLLYTLLIALLGWLILI,Josh,Design_Ile_mutant,14
LLLLVLLYTLLGALLIWLILI,Josh,Design_Ile_mutant,14
LLLLYLLATLLIILLAFLILI,Josh,Design_Ile_mutant,14
LLLLYLLATLLGILLIFLILI,Josh,Design_Ile_mutant,14
LLLLYLLITLLGILLAFLILI,Josh,Design_Ile_mutant,14
LLLLYLLIVLLGTLLAFLILI,Josh,Design_Ile_mutant,14
LLLLYLLAVLLGTLLIFLILI,Josh,Design_Ile_mutant,14
LLLLYLLAVLLITLLAFLILI,Josh,Design_Ile_mutant,14
LLLLYLLIVLLGTLLTFLILI,Josh,Design_Ile_mutant,14
LLLLYLLAVLLITLLTFLILI,Josh,Design_Ile_mutant,14
LLLLYLLGVLLITLLAFLILI,Josh,Design_Ile_mutant,14
LLLLYLLGVLLGTLLIFLILI,Josh,Design_Ile_mutant,14
LLLSTLLIALLGFLLALLILI,Josh,Design_Ile_mutant,14
LLLSTLLGALLIFLLALLILI,Josh,Design_Ile_mutant,14
LLLSTLLGALLGFLLILLILI,Josh,Design_Ile_mutant,14
LLLITLLGALLGFLLALLILI,Josh,Design_Ile_mutant,14
LLLSTLLIALLGILLALLILI,Josh,Design_Ile_mutant,14
LLLSTLLGALLGILLILLILI,Josh,Design_Ile_mutant,14
LLLSTLLGALLIILLALLILI,Josh,Design_Ile_mutant,14
LLLITLLGALLGILLALLILI,Josh,Design_Ile_mutant,14
LLLITLLGALLGLLLAFLILI,Josh,Design_Ile_mutant,14
LLLSTLLGALLILLLAFLILI,Josh,Design_Ile_mutant,14
LLLSTLLIALLGLLLAFLILI,Josh,Design_Ile_mutant,14
LLLSTLLGALLGLLLIFLILI,Josh,Design_Ile_mutant,14
LLLSTLLILLLGVLLAILILI,Josh,Design_Ile_mutant,14
LLLITLLGLLLGVLLAILILI,Josh,Design_Ile_mutant,14
LLLSTLLGLLLIVLLAILILI,Josh,Design_Ile_mutant,14
LLLSTLLGLLLGVLLIILILI,Josh,Design_Ile_mutant,14
LLLIYLLALLLGTLLGFLILI,Josh,Design_Ile_mutant,14
LLLSYLLALLLGTLLIFLILI,Josh,Design_Ile_mutant,14
LLLSYLLALLLITLLGFLILI,Josh,Design_Ile_mutant,14
LLLIYLLATLLGALLFLLILI,Josh,Design_Ile_mutant,14
LLLSYLLITLLGALLFLLILI,Josh,Design_Ile_mutant,14
LLLSYLLATLLIALLFLLILI,Josh,Design_Ile_mutant,14
LLLSYLLITLLGALLGLLILI,Josh,Design_Ile_mutant,14
LLLIYLLATLLGALLGLLILI,Josh,Design_Ile_mutant,14
LLLSYLLATLLGALLILLILI,Josh,Design_Ile_mutant,14
LLLSYLLATLLIALLGLLILI,Josh,Design_Ile_mutant,14
LLLSYLLITLLGGLLVLLILI,Josh,Design_Ile_mutant,14
LLLIYLLATLLGGLLVLLILI,Josh,Design_Ile_mutant,14
LLLSYLLATLLIGLLVLLILI,Josh,Design_Ile_mutant,14
LLLSYLLFALLGLLLITLILI,Josh,Design_Ile_mutant,14
LLLSYLLFALLILLLGTLILI,Josh,Design_Ile_mutant,14
LLLSYLLGILLILLLAFLILI,Josh,Design_Ile_mutant,14
LLLIYLLGILLGLLLAFLILI,Josh,Design_Ile_mutant,14
LLLSYLLIILLGLLLAFLILI,Josh,Design_Ile_mutant,14
LLLIYLLGILLGLLLGFLILI,Josh,Design_Ile_mutant,14
LLLSYLLIILLGLLLGFLILI,Josh,Design_Ile_mutant,14
LLLSYLLGILLGLLLIFLILI,Josh,Design_Ile_mutant,14
LLLSYLLGILLILLLGFLILI,Josh,Design_Ile_mutant,14
LLLSYLLGLLLGFLLITLILI,Josh,Design_Ile_mutant,14
LLLSYLLILLLGFLLATLILI,Josh,Design_Ile_mutant,14
LLLSYLLGLLLIFLLATLILI,Josh,Design_Ile_mutant,14
LLLSYLLGLLLITLLGFLILI,Josh,Design_Ile_mutant,14
LLLIYLLGLLLGTLLGFLILI,Josh,Design_Ile_mutant,14
LLLSYLLILLLGTLLGFLILI,Josh,Design_Ile_mutant,14
LLLSYLLGLLLGTLLIFLILI,Josh,Design_Ile_mutant,14
LLLSYLLILLLGVLLGTLILI,Josh,Design_Ile_mutant,14
LLLSYLLGLLLIVLLGTLILI,Josh,Design_Ile_mutant,15
LLLSYLLGLLLGVLLITLILI,Josh,Design_Ile_mutant,15
LLLSYLLIVLLGLLLAFLILI,Josh,Design_Ile_mutant,15
LLLSYLLGVLLILLLAFLILI,Josh,Design_Ile_mutant,15
LLLIYLLGVLLGLLLAFLILI,Josh,Design_Ile_mutant,15
LLLSYLLGVLLGLLLIFLILI,Josh,Design_Ile_mutant,15
LLLSYLLGVLLILLLGFLILI,Josh,Design_Ile_mutant,15
LLLSYLLIVLLGLLLGFLILI,Josh,Design_Ile_mutant,15
LLLSYLLGVLLITLLGLLILI,Josh,Design_Ile_mutant,15
LLLSYLLGVLLGTLLILLILI,Josh,Design_Ile_mutant,15
LLLIYLLGVLLGTLLGLLILI,Josh,Design_Ile_mutant,15
LLLSYLLIVLLGTLLGLLILI,Josh,Design_Ile_mutant,15
LLLSYLLVALLGILLILLILI,Josh,Design_Ile_mutant,15
LLLSYLLVALLIILLALLILI,Josh,Design_Ile_mutant,15
LLLTALLAALLIILLSLLILI,Josh,Design_Ile_mutant,15
LLLTALLIALLGILLSLLILI,Josh,Design_Ile_mutant,15
LLLTALLAILLGILLSLLILI,Josh,Design_Ile_mutant,15
LLLTILLAALLGILLSLLILI,Josh,Design_Ile_mutant,15
LLLTALLAALLGILLILLILI,Josh,Design_Ile_mutant,15
LLLTALLIALLGVLLSLLILI,Josh,Design_Ile_mutant,15
LLLTILLAALLGVLLSLLILI,Josh,Design_Ile_mutant,15
LLLTALLAALLGVLLILLILI,Josh,Design_Ile_mutant,15
LLLTALLAILLGVLLSLLILI,Josh,Design_Ile_mutant,15
LLLTALLAALLIVLLSLLILI,Josh,Design_Ile_mutant,15
LLLTALLAFLLGILLILLILI,Josh,Design_Ile_mutant,15
LLLTALLAFLLIILLGLLILI,Josh,Design_Ile_mutant,15
LLLTALLIFLLGILLGLLILI,Josh,Design_Ile_mutant,15
LLLTALLAFLLGLLLIVLILI,Josh,Design_Ile_mutant,15
LLLTALLIFLLGLLLGVLILI,Josh,Design_Ile_mutant,15
LLLTALLAFLLILLLGVLILI,Josh,Design_Ile_mutant,15
LLLTALLIFLLGVLLGLLILI,Josh,Design_Ile_mutant,15
LLLTALLAFLLGVLLILLILI,Josh,Design_Ile_mutant,15
LLLTALLAFLLIVLLGLLILI,Josh,Design_Ile_mutant,15
LLLTALLILLLGLLLGFLILI,Josh,Design_Ile_mutant,15
LLLTALLALLLGLLLIFLILI,Josh,Design_Ile_mutant,15
LLLTALLALLLILLLGFLILI,Josh,Design_Ile_mutant,15
LLLTALLILLLGVLLSFLILI,Josh,Design_Ile_mutant,15
LLLTALLALLLIVLLSFLILI,Josh,Design_Ile_mutant,15
LLLTALLALLLGVLLIFLILI,Josh,Design_Ile_mutant,15
LLLTALLASLLGLLLIFLILI,Josh,Design_Ile_mutant,15
LLLTILLASLLGLLLGFLILI,Josh,Design_Ile_mutant,15
LLLTALLASLLILLLGFLILI,Josh,Design_Ile_mutant,15
LLLTALLAILLGLLLGFLILI,Josh,Design_Ile_mutant,15
LLLTALLISLLGLLLGFLILI,Josh,Design_Ile_mutant,15
LLLTALLFLLLILLLGVLILI,Josh,Design_Ile_mutant,15
LLLTALLFLLLGLLLIVLILI,Josh,Design_Ile_mutant,15
LLLTALLFYLLGLLLIVLILI,Josh,Design_Ile_mutant,15
LLLTALLFYLLILLLGVLILI,Josh,Design_Ile_mutant,15
LLLTALLGILLGLLLIFLILI,Josh,Design_Ile_mutant,15
LLLTALLIILLGLLLGFLILI,Josh,Design_Ile_mutant,15
LLLTALLGILLILLLGFLILI,Josh,Design_Ile_mutant,15
LLLTALLIVLLGLLLGFLILI,Josh,Design_Ile_mutant,15
LLLTALLGVLLGLLLIFLILI,Josh,Design_Ile_mutant,15
LLLTALLGVLLILLLGFLILI,Josh,Design_Ile_mutant,15
LLLTALLIVLLGLLLSFLILI,Josh,Design_Ile_mutant,15
LLLTALLGVLLILLLSFLILI,Josh,Design_Ile_mutant,15
LLLTFLLAILLGLLLIVLILI,Josh,Design_Ile_mutant,15
LLLTFLLAILLILLLGVLILI,Josh,Design_Ile_mutant,15
LLLTFLLIILLGLLLGYLILI,Josh,Design_Ile_mutant,15
LLLTFLLAILLILLLGYLILI,Josh,Design_Ile_mutant,15
LLLTFLLAILLGLLLIYLILI,Josh,Design_Ile_mutant,15
LLLTFLLAILLGVLLILLILI,Josh,Design_Ile_mutant,15
LLLTFLLAILLIVLLALLILI,Josh,Design_Ile_mutant,15
LLLTFLLALLLGVLLIILILI,Josh,Design_Ile_mutant,15
LLLTFLLALLLIVLLAILILI,Josh,Design_Ile_mutant,15
LLLTFLLAVLLGILLILLILI,Josh,Design_Ile_mutant,15
LLLTFLLAVLLIILLALLILI,Josh,Design_Ile_mutant,15
LLLTFLLAVLLGLLLIYLILI,Josh,Design_Ile_mutant,15
LLLTFLLIVLLGLLLGYLILI,Josh,Design_Ile_mutant,15
LLLTFLLAVLLILLLGYLILI,Josh,Design_Ile_mutant,15
LLLTFLLGILLILLLGVLILI,Josh,Design_Ile_mutant,15
LLLTFLLGILLGLLLIVLILI,Josh,Design_Ile_mutant,15
LLLTFLLIILLGLLLGVLILI,Josh,Design_Ile_mutant,15
LLLTFLLGILLGVLLILLILI,Josh,Design_Ile_mutant,15
LLLTFLLIILLGVLLALLILI,Josh,Design_Ile_mutant,15
LLLTFLLGILLIVLLALLILI,Josh,Design_Ile_mutant,15
LLLTFLLIILLGVLLGLLILI,Josh,Design_Ile_mutant,15
LLLTFLLGILLIVLLGLLILI,Josh,Design_Ile_mutant,15
LLLTFLLGLLLGVLLIILILI,Josh,Design_Ile_mutant,15
LLLTFLLILLLGVLLAILILI,Josh,Design_Ile_mutant,15
LLLTFLLGLLLIVLLAILILI,Josh,Design_Ile_mutant,15
LLLTFLLGVLLIILLALLILI,Josh,Design_Ile_mutant,15
LLLTFLLGVLLGILLILLILI,Josh,Design_Ile_mutant,15
LLLTFLLIVLLGILLALLILI,Josh,Design_Ile_mutant,15
LLLTFLLIVLLGILLGLLILI,Josh,Design_Ile_mutant,15
LLLTFLLGVLLIILLGLLILI,Josh,Design_Ile_mutant,15
LLLTFLLGVLLILLLAILILI,Josh,Design_Ile_mutant,15
LLLTFLLGVLLGLLLIILILI,Josh,Design_Ile_mutant,15
LLLTFLLIVLLGLLLAILILI,Josh,Design_Ile_mutant,15
LLLTFLLIVLLGLLLGALILI,Josh,Design_Ile_mutant,15
LLLTFLLGVLLILLLGALILI,Josh,Design_Ile_mutant,15
LLLTFLLGVLLGLLLIALILI,Josh,Design_Ile_mutant,15
LLLTFLLGVLLILLLGILILI,Josh,Design_Ile_mutant,15
LLLTFLLIVLLGLLLGILILI,Josh,Design_Ile_mutant,15
LLLTFLLIVLLGLLLSILILI,Josh,Design_Ile_mutant,15
LLLTFLLGVLLILLLSILILI,Josh,Design_Ile_mutant,15
LLLTFLLVALLILLLGYLILI,Josh,Design_Ile_mutant,15
LLLTFLLVALLGLLLIYLILI,Josh,Design_Ile_mutant,15
LLLTGLLFLLLGSLLIYLILI,Josh,Design_Ile_mutant,15
LLLTGLLFLLLISLLAYLILI,Josh,Design_Ile_mutant,15
LLLTGLLFLLLGVLLIILILI,Josh,Design_Ile_mutant,15
LLLTGLLFLLLIVLLAILILI,Josh,Design_Ile_mutant,15
LLLTGLLFLLLIVLLALLILI,Josh,Design_Ile_mutant,15
LLLTGLLFLLLGVLLILLILI,Josh,Design_Ile_mutant,15
LLLTGLLLLLLIALLGYLILI,Josh,Design_Ile_mutant,15
LLLTGLLLLLLGALLIYLILI,Josh,Design_Ile_mutant,15
LLLTLLLAVLLGLLLIFLILI,Josh,Design_Ile_mutant,15
LLLTLLLAVLLILLLGFLILI,Josh,Design_Ile_mutant,15
LLLTLLLGILLIFLLAVLILI,Josh,Design_Ile_mutant,15
LLLTLLLGILLGFLLIVLILI,Josh,Design_Ile_mutant,15
LLLTLLLIILLGFLLAVLILI,Josh,Design_Ile_mutant,15
LLLTLLLGILLILLLAFLILI,Josh,Design_Ile_mutant,15
LLLTLLLIILLGLLLAFLILI,Josh,Design_Ile_mutant,15
LLLTLLLGILLILLLGFLILI,Josh,Design_Ile_mutant,15
LLLTLLLIILLGLLLGFLILI,Josh,Design_Ile_mutant,15
LLLTLLLGILLGLLLIFLILI,Josh,Design_Ile_mutant,15
LLLTLLLGILLGVLLIFLILI,Josh,Design_Ile_mutant,15
LLLTLLLIILLGVLLAFLILI,Josh,Design_Ile_mutant,15
LLLTLLLGILLIVLLAFLILI,Josh,Design_Ile_mutant,15
LLLTLLLGILLIVLLGALILI,Josh,Design_Ile_mutant,15
LLLTLLLIILLGVLLGALILI,Josh,Design_Ile_mutant,15
LLLTLLLGILLGVLLIALILI,Josh,Design_Ile_mutant,15
LLLTLLLILLLGALLGFLILI,Josh,Design_Ile_mutant,15
LLLTLLLGLLLGALLIFLILI,Josh,Design_Ile_mutant,15
LLLTLLLGLLLIALLGFLILI,Josh,Design_Ile_mutant,15
LLLTLLLGLLLIFLLAILILI,Josh,Design_Ile_mutant,15
LLLTLLLGLLLGFLLIILILI,Josh,Design_Ile_mutant,15
LLLTLLLILLLGFLLAILILI,Josh,Design_Ile_mutant,15
LLLTLLLGLLLIVLLAILILI,Josh,Design_Ile_mutant,15
LLLTLLLILLLGVLLAILILI,Josh,Design_Ile_mutant,15
LLLTLLLGLLLIVLLGILILI,Josh,Design_Ile_mutant,15
LLLTLLLILLLGVLLGILILI,Josh,Design_Ile_mutant,15
LLLTLLLGLLLGVLLIILILI,Josh,Design_Ile_mutant,15
LLLTLLLGLLLIYLLAFLILI,Josh,Design_Ile_mutant,15
LLLTLLLILLLGYLLAFLILI,Josh,Design_Ile_mutant,15
LLLTLLLGLLLGYLLIFLILI,Josh,Design_Ile_mutant,15
LLLTLLLGSLLIFLLAILILI,Josh,Design_Ile_mutant,15
LLLTLLLISLLGFLLAILILI,Josh,Design_Ile_mutant,15
LLLTLLLGSLLGFLLIILILI,Josh,Design_Ile_mutant,15
LLLTLLLIVLLGFLLAILILI,Josh,Design_Ile_mutant,15
LLLTLLLGVLLGFLLIILILI,Josh,Design_Ile_mutant,15
LLLTLLLGVLLIFLLAILILI,Josh,Design_Ile_mutant,15
LLLTLLLIVLLGLLLAFLILI,Josh,Design_Ile_mutant,15
LLLTLLLGVLLILLLAFLILI,Josh,Design_Ile_mutant,15
LLLTLLLGVLLILLLGFLILI,Josh,Design_Ile_mutant,15
LLLTLLLGVLLGLLLIFLILI,Josh,Design_Ile_mutant,15
LLLTLLLIVLLGLLLGFLILI,Josh,Design_Ile_mutant,15
LLLTVLLAILLILLLAFLILI,Josh,Design_Ile_mutant,15
LLLTVLLAILLGLLLIFLILI,Josh,Design_Ile_mutant,15
LLLTVLLAILLILLLGFLILI,Josh,Design_Ile_mutant,15
LLLTVLLIILLGLLLSFLILI,Josh,Design_Ile_mutant,15
LLLTVLLAILLILLLSFLILI,Josh,Design_Ile_mutant,15
LLLTVLLALLLGILLIFLILI,Josh,Design_Ile_mutant,15
LLLTVLLILLLGILLAFLILI,Josh,Design_Ile_mutant,15
LLLTVLLALLLIILLAFLILI,Josh,Design_Ile_mutant,15
LLLTVLLILLLGLLLGFLILI,Josh,Design_Ile_mutant,15
LLLTVLLALLLILLLGFLILI,Josh,Design_Ile_mutant,15
LLLTVLLALLLGLLLIFLILI,Josh,Design_Ile_mutant,15
LLLTVLLGALLILLLGFLILI,Josh,Design_Ile_mutant,15
LLLTVLLGALLGLLLIFLILI,Josh,Design_Ile_mutant,15
LLLTVLLIALLGLLLGFLILI,Josh,Design_Ile_mutant,15
LLLTVLLIILLGLLLAFLILI,Josh,Design_Ile_mutant,15
LLLTVLLGILLILLLAFLILI,Josh,Design_Ile_mutant,15
LLLTVLLGILLGLLLIFLILI,Josh,Design_Ile_mutant,15
LLLTVLLIILLGLLLGFLILI,Josh,Design_Ile_mutant,15
LLLTVLLGILLILLLGFLILI,Josh,Design_Ile_mutant,15
LLLTVLLGLLLIALLSFLILI,Josh,Design_Ile_mutant,15
LLLTVLLGLLLGALLIFLILI,Josh,Design_Ile_mutant,15
LLLTVLLILLLGALLSFLILI,Josh,Design_Ile_mutant,15
LLLTVLLGLLLIFLLAILILI,Josh,Design_Ile_mutant,15
LLLTVLLGLLLGFLLIILILI,Josh,Design_Ile_mutant,15
LLLTVLLILLLGFLLAILILI,Josh,Design_Ile_mutant,15
LLLTVLLGLLLGLLLIFLILI,Josh,Design_Ile_mutant,15
LLLTVLLGLLLILLLGFLILI,Josh,Design_Ile_mutant,15
LLLTVLLGLLLGYLLIFLILI,Josh,Design_Ile_mutant,15
LLLTVLLILLLGYLLGFLILI,Josh,Design_Ile_mutant,15
LLLTVLLGLLLIYLLGFLILI,Josh,Design_Ile_mutant,15
LLLTYLLAVLLGFLLILLILI,Josh,Design_Ile_mutant,15
LLLTYLLIVLLGFLLGLLILI,Josh,Design_Ile_mutant,15
LLLTYLLAVLLIFLLGLLILI,Josh,Design_Ile_mutant,15
LLLTYLLAVLLGILLILLILI,Josh,Design_Ile_mutant,15
LLLTYLLIVLLGILLALLILI,Josh,Design_Ile_mutant,15
LLLTYLLAVLLIILLALLILI,Josh,Design_Ile_mutant,15
LLLTYLLAVLLILLLAFLILI,Josh,Design_Ile_mutant,15
LLLTYLLAVLLILLLGFLILI,Josh,Design_Ile_mutant,15
LLLTYLLAVLLGLLLIFLILI,Josh,Design_Ile_mutant,15
LLLTYLLFALLILLLGVLILI,Josh,Design_Ile_mutant,15
LLLTYLLFALLGLLLIVLILI,Josh,Design_Ile_mutant,15
LLLTYLLFVLLGALLILLILI,Josh,Design_Ile_mutant,15
LLLTYLLFVLLIALLGLLILI,Josh,Design_Ile_mutant,15
LLLTYLLFVLLIGLLALLILI,Josh,Design_Ile_mutant,15
LLLTYLLFVLLGGLLILLILI,Josh,Design_Ile_mutant,15
LLLTYLLGVLLILLLAFLILI,Josh,Design_Ile_mutant,15
LLLTYLLIVLLGLLLAFLILI,Josh,Design_Ile_mutant,15
LLLTYLLGVLLGLLLIFLILI,Josh,Design_Ile_mutant,15
LLLTYLLGVLLILLLGFLILI,Josh,Design_Ile_mutant,15
LLLTYLLIVLLGLLLGFLILI,Josh,Design_Ile_mutant,15
LLLTYLLLILLGALLIFLILI,Josh,Design_Ile_mutant,15
LLLTYLLLILLIALLGFLILI,Josh,Design_Ile_mutant,15
LLLTYLLLILLIALLGWLILI,Josh,Design_Ile_mutant,15
LLLTYLLLILLGALLIWLILI,Josh,Design_Ile_mutant,15
LLLTYLLLILLGGLLIFLILI,Josh,Design_Ile_mutant,15
LLLTYLLLILLIGLLAFLILI,Josh,Design_Ile_mutant,15
LLLTYLLLVLLIALLGILILI,Josh,Design_Ile_mutant,15
LLLTYLLLVLLGALLIILILI,Josh,Design_Ile_mutant,15
LLLTYLLVALLGILLIFLILI,Josh,Design_Ile_mutant,15
LLLTYLLVALLIILLAFLILI,Josh,Design_Ile_mutant,15
LLLTYLLVALLGLLLIFLILI,Josh,Design_Ile_mutant,15
LLLTYLLVALLILLLGFLILI,Josh,Design_Ile_mutant,15
LLLTYLLVLLLIALLGFLILI,Josh,Design_Ile_mutant,15
LLLTYLLVLLLIALLGWLILI,Josh,Design_Ile_mutant,15
LLLTYLLVLLLGALLIWLILI,Josh,Design_Ile_mutant,15
LLLTYLLVLLLIALLSFLILI,Josh,Design_Ile_mutant,15
LLLTYLLVLLLGALLIFLILI,Josh,Design_Ile_mutant,15
LLLVFLLATLLIILLALLILI,Josh,Design_Ile_mutant,15
LLLVFLLATLLGILLILLILI,Josh,Design_Ile_mutant,15
LLLVFLLATLLGLLLIILILI,Josh,Design_Ile_mutant,15
LLLVFLLITLLGLLLSILILI,Josh,Design_Ile_mutant,15
LLLVFLLATLLILLLSILILI,Josh,Design_Ile_mutant,15
LLLVFLLGTLLIILLALLILI,Josh,Design_Ile_mutant,15
LLLVFLLITLLGILLALLILI,Josh,Design_Ile_mutant,15
LLLVFLLGTLLGILLILLILI,Josh,Design_Ile_mutant,15
LLLVFLLGTLLGLLLIILILI,Josh,Design_Ile_mutant,15
LLLVFLLGTLLILLLAILILI,Josh,Design_Ile_mutant,15
LLLVFLLITLLGLLLAILILI,Josh,Design_Ile_mutant,15
LLLVFLLITLLGLLLGALILI,Josh,Design_Ile_mutant,15
LLLVFLLGTLLGLLLIALILI,Josh,Design_Ile_mutant,15
LLLVFLLGTLLILLLGALILI,Josh,Design_Ile_mutant,15
LLLVGLLFALLGTLLIYLILI,Josh,Design_Ile_mutant,15
LLLVGLLFALLITLLSYLILI,Josh,Design_Ile_mutant,15
LLLVGLLFILLGTLLSYLILI,Josh,Design_Ile_mutant,15
LLLVILLFALLGTLLSYLILI,Josh,Design_Ile_mutant,15
LLLVLLLIILLGTLLTFLILI,Josh,Design_Ile_mutant,15
LLLVLLLAILLITLLTFLILI,Josh,Design_Ile_mutant,15
LLLVLLLGALLIILLTFLILI,Josh,Design_Ile_mutant,15
LLLVLLLIALLGILLTFLILI,Josh,Design_Ile_mutant,15
LLLVLLLIILLGFLLATLILI,Josh,Design_Ile_mutant,15
LLLVLLLGILLIFLLATLILI,Josh,Design_Ile_mutant,15
LLLVLLLGILLGFLLITLILI,Josh,Design_Ile_mutant,15
LLLVYLLALLLGTLLIFLILI,Josh,Design_Ile_mutant,15
LLLVYLLILLLGTLLAFLILI,Josh,Design_Ile_mutant,15
LLLVYLLALLLITLLAFLILI,Josh,Design_Ile_mutant,15
LLLVYLLATLLIALLFLLILI,Josh,Design_Ile_mutant,15
LLLVYLLITLLGALLFLLILI,Josh,Design_Ile_mutant,15
LLLVYLLATLLIILLALLILI,Josh,Design_Ile_mutant,15
LLLVYLLATLLGILLILLILI,Josh,Design_Ile_mutant,15
LLLVYLLITLLGILLALLILI,Josh,Design_Ile_mutant,15
LLLVYLLFTLLGALLILLILI,Josh,Design_Ile_mutant,15
LLLVYLLFTLLIALLGLLILI,Josh,Design_Ile_mutant,15
LLLVYLLFTLLIGLLALLILI,Josh,Design_Ile_mutant,15
LLLVYLLFTLLGGLLILLILI,Josh,Design_Ile_mutant,15
LLLVYLLLTLLIALLGFLILI,Josh,Design_Ile_mutant,15
LLLVYLLLTLLGALLIFLILI,Josh,Design_Ile_mutant,15
LLLWTLLALLLGILLIFLILI,Josh,Design_Ile_mutant,15
LLLWTLLALLLIILLGFLILI,Josh,Design_Ile_mutant,15
LLLWTLLILLLGILLGFLILI,Josh,Design_Ile_mutant,15
LLLWTLLIILLGLLLGFLILI,Josh,Design_Ile_mutant,15
LLLWTLLGILLILLLGFLILI,Josh,Design_Ile_mutant,15
LLLWTLLGILLGLLLIFLILI,Josh,Design_Ile_mutant,15
LLLYALLAFLLILLLGTLILI,Josh,Design_Ile_mutant,15
LLLYALLAFLLGLLLITLILI,Josh,Design_Ile_mutant,15
LLLYALLIFLLGLLLGTLILI,Josh,Design_Ile_mutant,15
LLLYALLALLLGTLLIFLILI,Josh,Design_Ile_mutant,15
LLLYALLALLLITLLGFLILI,Josh,Design_Ile_mutant,15
LLLYALLILLLGTLLGFLILI,Josh,Design_Ile_mutant,15
LLLYALLALLLIVLLSTLILI,Josh,Design_Ile_mutant,15
LLLYALLILLLGVLLSTLILI,Josh,Design_Ile_mutant,15
LLLYALLALLLGVLLITLILI,Josh,Design_Ile_mutant,15
LLLYALLASLLIILLTLLILI,Josh,Design_Ile_mutant,15
LLLYILLASLLGILLTLLILI,Josh,Design_Ile_mutant,15
LLLYALLAILLGILLTLLILI,Josh,Design_Ile_mutant,15
LLLYALLISLLGILLTLLILI,Josh,Design_Ile_mutant,15
LLLYALLFILLILLLGTLILI,Josh,Design_Ile_mutant,15
LLLYALLFILLGLLLITLILI,Josh,Design_Ile_mutant,15
LLLYALLFILLGVLLILLILI,Josh,Design_Ile_mutant,15
LLLYALLFILLIVLLALLILI,Josh,Design_Ile_mutant,15
LLLYALLFLLLITLLGVLILI,Josh,Design_Ile_mutant,15
LLLYALLFLLLGTLLIVLILI,Josh,Design_Ile_mutant,15
LLLYFLLAALLGLLLITLILI,Josh,Design_Ile_mutant,15
LLLYFLLIALLGLLLGTLILI,Josh,Design_Ile_mutant,15
LLLYFLLAALLILLLGTLILI,Josh,Design_Ile_mutant,15
LLLYFLLAILLIVLLGLLILI,Josh,Design_Ile_mutant,15
LLLYFLLIILLGVLLGLLILI,Josh,Design_Ile_mutant,15
LLLYFLLAILLGVLLILLILI,Josh,Design_Ile_mutant,15
LLLYFLLALLLITLLGVLILI,Josh,Design_Ile_mutant,15
LLLYFLLILLLGTLLGVLILI,Josh,Design_Ile_mutant,15
LLLYFLLALLLGTLLIVLILI,Josh,Design_Ile_mutant,15
LLLYFLLALLLGVLLITLILI,Josh,Design_Ile_mutant,15
LLLYFLLALLLIVLLGTLILI,Josh,Design_Ile_mutant,15
LLLYFLLILLLGVLLGTLILI,Josh,Design_Ile_mutant,15
LLLYFLLATLLIILLALLILI,Josh,Design_Ile_mutant,15
LLLYFLLATLLGILLILLILI,Josh,Design_Ile_mutant,15
LLLYFLLATLLIILLGLLILI,Josh,Design_Ile_mutant,15
LLLYFLLITLLGILLGLLILI,Josh,Design_Ile_mutant,15
LLLYFLLITLLGLLLGVLILI,Josh,Design_Ile_mutant,15
LLLYFLLATLLILLLGVLILI,Josh,Design_Ile_mutant,15
LLLYFLLATLLGLLLIVLILI,Josh,Design_Ile_mutant,15
LLLYFLLATLLGVLLILLILI,Josh,Design_Ile_mutant,15
LLLYFLLITLLGVLLGLLILI,Josh,Design_Ile_mutant,15
LLLYFLLATLLIVLLGLLILI,Josh,Design_Ile_mutant,15
LLLYFLLIVLLGILLTLLILI,Josh,Design_Ile_mutant,15
LLLYFLLAVLLIILLTLLILI,Josh,Design_Ile_mutant,15
LLLYFLLAVLLILLLATLILI,Josh,Design_Ile_mutant,15
LLLYFLLAVLLGLLLITLILI,Josh,Design_Ile_mutant,15
LLLYFLLAVLLILLLGTLILI,Josh,Design_Ile_mutant,15
LLLYFLLIVLLGLLLGTLILI,Josh,Design_Ile_mutant,15
LLLYFLLIVLLGTLLTLLILI,Josh,Design_Ile_mutant,15
LLLYFLLAVLLITLLTLLILI,Josh,Design_Ile_mutant,15
LLLYFLLGALLIILLTLLILI,Josh,Design_Ile_mutant,15
LLLYFLLIALLGILLTLLILI,Josh,Design_Ile_mutant,15
LLLYFLLGILLILLLATLILI,Josh,Design_Ile_mutant,15
LLLYFLLIILLGLLLATLILI,Josh,Design_Ile_mutant,15
LLLYFLLGILLGLLLITLILI,Josh,Design_Ile_mutant,15
LLLYFLLGLLLGTLLIVLILI,Josh,Design_Ile_mutant,15
LLLYFLLGLLLITLLAVLILI,Josh,Design_Ile_mutant,15
LLLYFLLILLLGTLLAVLILI,Josh,Design_Ile_mutant,15
LLLYFLLILLLGVLLATLILI,Josh,Design_Ile_mutant,15
LLLYFLLGLLLIVLLATLILI,Josh,Design_Ile_mutant,15
LLLYFLLGLLLGVLLITLILI,Josh,Design_Ile_mutant,15
LLLYFLLISLLGILLALLILI,Josh,Design_Ile_mutant,15
LLLYFLLGSLLIILLALLILI,Josh,Design_Ile_mutant,15
LLLYFLLGSLLGILLILLILI,Josh,Design_Ile_mutant,15
LLLYFLLITLLGILLALLILI,Josh,Design_Ile_mutant,15
LLLYFLLGTLLGILLILLILI,Josh,Design_Ile_mutant,15
LLLYFLLGTLLIILLALLILI,Josh,Design_Ile_mutant,15
LLLYFLLITLLGLLLAVLILI,Josh,Design_Ile_mutant,15
LLLYFLLGTLLILLLAVLILI,Josh,Design_Ile_mutant,15
LLLYFLLGTLLGLLLIVLILI,Josh,Design_Ile_mutant,15
LLLYFLLITLLGVLLALLILI,Josh,Design_Ile_mutant,15
LLLYFLLGTLLGVLLILLILI,Josh,Design_Ile_mutant,15
LLLYFLLGTLLIVLLALLILI,Josh,Design_Ile_mutant,15
LLLYFLLGVLLGLLLITLILI,Josh,Design_Ile_mutant,15
LLLYFLLGVLLILLLATLILI,Josh,Design_Ile_mutant,15
LLLYFLLIVLLGLLLATLILI,Josh,Design_Ile_mutant,15
LLLYGLLFILLGTLLTLLILI,Josh,Design_Ile_mutant,15
LLLYILLFALLGTLLTLLILI,Josh,Design_Ile_mutant,15
LLLYGLLFILLIVLLALLILI,Josh,Design_Ile_mutant,15
LLLYGLLFILLGVLLILLILI,Josh,Design_Ile_mutant,15
LLLYGLLFLLLIVLLATLILI,Josh,Design_Ile_mutant,15
LLLYGLLFLLLGVLLITLILI,Josh,Design_Ile_mutant,15
LLLYGLLFTLLIVLLALLILI,Josh,Design_Ile_mutant,15
LLLYGLLFTLLGVLLILLILI,Josh,Design_Ile_mutant,15
LLLYGLLFVLLGILLILLILI,Josh,Design_Ile_mutant,15
LLLYGLLFVLLIILLALLILI,Josh,Design_Ile_mutant,15
LLLYGLLFVLLILLLATLILI,Josh,Design_Ile_mutant,15
LLLYGLLFVLLGLLLITLILI,Josh,Design_Ile_mutant,15
LLLYILLALLLGVLLITLILI,Josh,Design_Ile_mutant,15
LLLYILLILLLGVLLSTLILI,Josh,Design_Ile_mutant,15
LLLYILLALLLIVLLSTLILI,Josh,Design_Ile_mutant,15
LLLYILLITLLGVLLSLLILI,Josh,Design_Ile_mutant,15
LLLYILLATLLIVLLSLLILI,Josh,Design_Ile_mutant,15
LLLYILLATLLGVLLILLILI,Josh,Design_Ile_mutant,15
LLLYILLGVLLILLLAFLILI,Josh,Design_Ile_mutant,15
LLLYILLIVLLGLLLAFLILI,Josh,Design_Ile_mutant,15
LLLYILLIVLLGLLLGFLILI,Josh,Design_Ile_mutant,15
LLLYILLGVLLILLLGFLILI,Josh,Design_Ile_mutant,15
LLLYILLGVLLGLLLIFLILI,Josh,Design_Ile_mutant,15
LLLYLLLAFLLGTLLIVLILI,Josh,Design_Ile_mutant,15
LLLYLLLAFLLITLLGVLILI,Josh,Design_Ile_mutant,15
LLLYLLLIFLLGTLLGVLILI,Josh,Design_Ile_mutant,15
LLLYLLLAFLLIVLLATLILI,Josh,Design_Ile_mutant,15
LLLYLLLIFLLGVLLATLILI,Josh,Design_Ile_mutant,15
LLLYLLLAFLLGVLLITLILI,Josh,Design_Ile_mutant,15
LLLYLLLAILLITLLTFLILI,Josh,Design_Ile_mutant,15
LLLYLLLIILLGTLLTFLILI,Josh,Design_Ile_mutant,15
LLLYLLLAILLGVLLITLILI,Josh,Design_Ile_mutant,15
LLLYLLLAILLIVLLATLILI,Josh,Design_Ile_mutant,15
LLLYLLLILLLGTLLAFLILI,Josh,Design_Ile_mutant,15
LLLYLLLALLLGTLLIFLILI,Josh,Design_Ile_mutant,15
LLLYLLLALLLITLLAFLILI,Josh,Design_Ile_mutant,15
LLLYLLLISLLGILLTFLILI,Josh,Design_Ile_mutant,15
LLLYLLLASLLIILLTFLILI,Josh,Design_Ile_mutant,15
LLLYLLLASLLITLLTFLILI,Josh,Design_Ile_mutant,15
LLLYLLLISLLGTLLTFLILI,Josh,Design_Ile_mutant,15
LLLYLLLITLLGILLAFLILI,Josh,Design_Ile_mutant,15
LLLYLLLATLLGILLIFLILI,Josh,Design_Ile_mutant,15
LLLYLLLATLLIILLAFLILI,Josh,Design_Ile_mutant,15
LLLYLLLATLLIVLLSILILI,Josh,Design_Ile_mutant,15
LLLYLLLATLLGVLLIILILI,Josh,Design_Ile_mutant,15
LLLYLLLITLLGVLLSILILI,Josh,Design_Ile_mutant,15
LLLYLLLAVLLIFLLATLILI,Josh,Design_Ile_mutant,15
LLLYLLLAVLLGFLLITLILI,Josh,Design_Ile_mutant,15
LLLYLLLAVLLITLLAFLILI,Josh,Design_Ile_mutant,15
LLLYLLLAVLLGTLLIFLILI,Josh,Design_Ile_mutant,15
LLLYLLLIVLLGTLLAFLILI,Josh,Design_Ile_mutant,15
LLLYLLLIVLLGTLLGFLILI,Josh,Design_Ile_mutant,15
LLLYLLLAVLLITLLGFLILI,Josh,Design_Ile_mutant,15
LLLYLLLIALLGFLLATLILI,Josh,Design_Ile_mutant,15
LLLYLLLGALLGFLLITLILI,Josh,Design_Ile_mutant,15
LLLYLLLGALLIFLLATLILI,Josh,Design_Ile_mutant,15
LLLYLLLIALLGILLTFLILI,Josh,Design_Ile_mutant,15
LLLYLLLGALLIILLTFLILI,Josh,Design_Ile_mutant,15
LLLYLLLIFLLGVLLTILILI,Josh,Design_Ile_mutant,15
LLLYLLLGFLLIVLLTILILI,Josh,Design_Ile_mutant,15
LLLYLLLIILLGFLLATLILI,Josh,Design_Ile_mutant,15
LLLYLLLGILLGFLLITLILI,Josh,Design_Ile_mutant,15
LLLYLLLGILLIFLLATLILI,Josh,Design_Ile_mutant,15
LLLYLLLIILLGTLLAFLILI,Josh,Design_Ile_mutant,15
LLLYLLLGILLGTLLIFLILI,Josh,Design_Ile_mutant,15
LLLYLLLGILLITLLAFLILI,Josh,Design_Ile_mutant,15
LLLYLLLGILLIVLLATLILI,Josh,Design_Ile_mutant,15
LLLYLLLGILLGVLLITLILI,Josh,Design_Ile_mutant,15
LLLYLLLIILLGVLLATLILI,Josh,Design_Ile_mutant,15
LLLYLLLISLLGTLLAFLILI,Josh,Design_Ile_mutant,15
LLLYLLLGSLLITLLAFLILI,Josh,Design_Ile_mutant,15
LLLYLLLGSLLGTLLIFLILI,Josh,Design_Ile_mutant,15
LLLYLLLGTLLGILLIFLILI,Josh,Design_Ile_mutant,15
LLLYLLLGTLLIILLAFLILI,Josh,Design_Ile_mutant,15
LLLYLLLGVLLGFLLITLILI,Josh,Design_Ile_mutant,15
LLLYLLLIVLLGFLLATLILI,Josh,Design_Ile_mutant,15
LLLYLLLGVLLIFLLATLILI,Josh,Design_Ile_mutant,15
LLLYLLLGVLLGTLLIFLILI,Josh,Design_Ile_mutant,15
LLLYLLLGVLLITLLAFLILI,Josh,Design_Ile_mutant,15
LLLYSLLTVLLGILLILLILI,Josh,Design_Ile_mutant,15
LLLYSLLTVLLIILLALLILI,Josh,Design_Ile_mutant,15
LLLYTLLIILLGLLLGFLILI,Josh,Design_Ile_mutant,15
LLLYTLLAILLILLLGFLILI,Josh,Design_Ile_mutant,15
LLLYTLLAILLGLLLIFLILI,Josh,Design_Ile_mutant,15
LLLYTLLIILLGVLLALLILI,Josh,Design_Ile_mutant,15
LLLYTLLAILLIVLLALLILI,Josh,Design_Ile_mutant,15
LLLYTLLAILLGVLLILLILI,Josh,Design_Ile_mutant,15
LLLYTLLILLLGILLAFLILI,Josh,Design_Ile_mutant,15
LLLYTLLALLLGILLIFLILI,Josh,Design_Ile_mutant,15
LLLYTLLALLLIILLAFLILI,Josh,Design_Ile_mutant,15
LLLYTLLALLLIILLGFLILI,Josh,Design_Ile_mutant,15
LLLYTLLILLLGILLGFLILI,Josh,Design_Ile_mutant,15
LLLYTLLALLLIVLLAFLILI,Josh,Design_Ile_mutant,15
LLLYTLLALLLGVLLIFLILI,Josh,Design_Ile_mutant,15
LLLYTLLILLLGVLLAFLILI,Josh,Design_Ile_mutant,15
LLLYTLLITLLGALLFLLILI,Josh,Design_Ile_mutant,15
LLLYTLLATLLIALLFLLILI,Josh,Design_Ile_mutant,15
LLLYTLLIVLLGILLALLILI,Josh,Design_Ile_mutant,15
LLLYTLLAVLLGILLILLILI,Josh,Design_Ile_mutant,15
LLLYTLLAVLLIILLALLILI,Josh,Design_Ile_mutant,15
LLLYTLLIVLLGLLLGFLILI,Josh,Design_Ile_mutant,15
LLLYTLLAVLLILLLGFLILI,Josh,Design_Ile_mutant,15
LLLYTLLAVLLGLLLIFLILI,Josh,Design_Ile_mutant,15
LLLYTLLIALLGILLSVLILI,Josh,Design_Ile_mutant,15
LLLYTLLGALLIILLSVLILI,Josh,Design_Ile_mutant,15
LLLYTLLGALLGILLIVLILI,Josh,Design_Ile_mutant,15
LLLYTLLGVLLGLLLIFLILI,Josh,Design_Ile_mutant,15
LLLYTLLGVLLILLLGFLILI,Josh,Design_Ile_mutant,15
LLLYVLLITLLGALLFLLILI,Josh,Design_Ile_mutant,15
LLLYVLLATLLIALLFLLILI,Josh,Design_Ile_mutant,15
LLLYVLLATLLILLLGFLILI,Josh,Design_Ile_mutant,15
LLLYVLLITLLGLLLGFLILI,Josh,Design_Ile_mutant,15
LLLYVLLATLLGLLLIFLILI,Josh,Design_Ile_mutant,15
LLLYVLLIALLGFLLALLILI,Josh,Design_Ile_mutant,15
LLLYVLLGALLIFLLALLILI,Josh,Design_Ile_mutant,15
LLLYVLLGALLGFLLILLILI,Josh,Design_Ile_mutant,15
LLLYVLLGALLIILLTLLILI,Josh,Design_Ile_mutant,15
LLLYVLLIALLGILLTLLILI,Josh,Design_Ile_mutant,15
LLLYVLLIILLGFLLALLILI,Josh,Design_Ile_mutant,15
LLLYVLLGILLIFLLALLILI,Josh,Design_Ile_mutant,15
LLLYVLLGILLGFLLILLILI,Josh,Design_Ile_mutant,15
LLLYVLLIILLGLLLAFLILI,Josh,Design_Ile_mutant,15
LLLYVLLGILLGLLLIFLILI,Josh,Design_Ile_mutant,15
LLLYVLLGILLILLLAFLILI,Josh,Design_Ile_mutant,15
LLLYVLLIILLGLLLGFLILI,Josh,Design_Ile_mutant,15
LLLYVLLGILLILLLGFLILI,Josh,Design_Ile_mutant,15
LLLYVLLGILLITLLSLLILI,Josh,Design_Ile_mutant,15
LLLYVLLGILLGTLLILLILI,Josh,Design_Ile_mutant,15
LLLYVLLIILLGTLLSLLILI,Josh,Design_Ile_mutant,15
LLLYVLLGLLLITLLAFLILI,Josh,Design_Ile_mutant,15
LLLYVLLGLLLGTLLIFLILI,Josh,Design_Ile_mutant,15
LLLYVLLILLLGTLLAFLILI,Josh,Design_Ile_mutant,15
LLLYVLLTILLGALLILLILI,Josh,Design_Ile_mutant,15
LLLYVLLTILLIALLSLLILI,Josh,Design_Ile_mutant,15
LLLYVLLTILLILLLGALILI,Josh,Design_Ile_mutant,15
LLLYVLLTILLGLLLIALILI,Josh,Design_Ile_mutant,15
