Sequence,Design,Type,Clash Mutant,Mutant Type
YFLLALLLGTLLGSL,ala,WT,LLLYFLLALLLITLLGSLILI,clash
YFLLGTLLGALLGLL,ala,WT,LLLYFLLGTLLIALLGLLILI,clash
YVLLTLLLGALLGFL,ala,WT,LLLYVLLILLLGALLGFLILI,clash
YLLLGALLGFLLSTL,ala,WT,LLLYLLLGALLGFLLITLILI,clash
SSLLFLLLGVLLGTL,ala,WT,LLLSSLLFLLLIVLLGTLILI,clash
ALLLGLLLGVLLGSL,ala,WT,LLLALLLILLLGVLLGSLILI,clash
TALLFLLLGLLLGSL,ala,WT,LLLTALLFLLLILLLGSLILI,clash
YALLFLLLGTLLGSL,ala,WT,LLLYALLFLLLITLLGSLILI,clash
AFLLGTLLGVLLGLL,ala,WT,LLLAFLLITLLGVLLGLLILI,clash
YFLLGVLLGTLLGLL,ala,WT,LLLYFLLGVLLITLLGLLILI,clash
TFLLAVLLGILLGLL,ala,WT,LLLTFLLAVLLIILLGLLILI,clash
AYLLGVLLGLLLGSL,ala,WT,LLLAYLLGVLLILLLGSLILI,clash
SYLLGVLLGTLLGFL,ala,WT,LLLSYLLGVLLITLLGFLILI,clash
SYLLGVLLGLLLATL,ala,WT,LLLSYLLGVLLILLLATLILI,clash
YILLGLLLGTLLAFL,ala,WT,LLLYILLGLLLITLLAFLILI,clash
YALLALLLGTLLGFL,ala,WT,LLLYALLALLLITLLGFLILI,clash
SYLLGLLLGFLLSTL,ala,WT,LLLSYLLGLLLIFLLSTLILI,clash
TILLALLLGFLLGSL,ala,WT,LLLTILLALLLIFLLGSLILI,clash
YLLLASLLGILLAFL,ala,WT,LLLYLLLASLLIILLAFLILI,clash
AGLLFLLLGTLLGSL,ala,WT,LLLAGLLFLLLGTLLISLILI,clash
TALLFLLLGYLLGSL,ala,WT,LLLTALLFLLLGYLLISLILI,clash
SYLLGLLLGTLLGFL,ala,WT,LLLSYLLGLLLITLLGFLILI,clash
LFLLGTLLGALLAYL,ala,WT,LLLLFLLITLLGALLAYLILI,clash
YTLLAILLGLLLGFL,ala,WT,LLLYTLLAILLILLLGFLILI,clash
TSLLLGLLFALLAYL,ala,WT,LLLTSLLLGLLFILLAYLILI,clash
YILLTLLLGALLAFL,ala,WT,LLLYILLILLLGALLAFLILI,clash
TFLLAVLLGLLLGSL,ala,WT,LLLTFLLAVLLILLLGSLILI,clash
YSLLALLLGTLLGFL,ala,WT,LLLYSLLALLLITLLGFLILI,clash
TVLLALLLGFLLGSL,ala,WT,LLLTVLLALLLGFLLISLILI,clash
SYLLGVLLGLLLGTL,ala,WT,LLLSYLLGVLLILLLGTLILI,clash
VLLLTGLLFALLAYL,ala,WT,LLLVLLLTGLLFILLAYLILI,clash
YVLLFTLLGALLGLL,ala,WT,LLLYVLLFTLLIALLGLLILI,clash
YLLLGALLGTLLSFL,ala,WT,LLLYLLLGALLITLLSFLILI,clash
FYLLGVLLGLLLASL,ala,WT,LLLFYLLGVLLILLLASLILI,clash
YGLLFLLLGVLLASL,ala,WT,LLLYGLLILLLGVLLASLILI,clash
YLLLGTLLGILLAFL,ala,WT,LLLYLLLGTLLGILLIFLILI,clash
YFLLAVLLGLLLGSL,ala,WT,LLLYFLLIVLLGLLLGSLILI,clash
TFLLGLLLGYLLASL,ala,WT,LLLTFLLGLLLIYLLASLILI,clash
YTLLVALLALLLGLL,ala,WT,LLLYTLLVALLILLLGLLILI,clash
SFLLVLLLGTLLAYL,ala,WT,LLLSFLLILLLGTLLAYLILI,clash
YLLLGALLGILLSTL,ala,WT,LLLYLLLGALLIILLSTLILI,clash
STLLGALLGLLLAVL,ala,WT,LLLSTLLGALLILLLAVLILI,clash
TALLFLLLGVLLASL,ala,WT,LLLTALLFLLLIVLLASLILI,clash
LFLLATLLGYLLSIL,ala,WT,LLLLFLLATLLIYLLSILILI,clash
YLLLGALLAFLLSTL,ala,WT,LLLYLLLGILLAFLLSTLILI,clash
YILLGLLLGTLLASL,ala,WT,LLLYILLGLLLITLLASLILI,clash
TLLLGLLLGVLLGSL,ala,WT,LLLTLLLGLLLIVLLGSLILI,clash
TFLLALLLGYLLGSL,ala,WT,LLLTFLLALLLIYLLGSLILI,clash
FVLLTILLGALLSLL,ala,WT,LLLFVLLTILLGALLILLILI,clash
YALLFLLLGTLLSIL,ala,WT,LLLYALLFLLLITLLSILILI,clash
TSLLVGLLAYLLGLL,ala,WT,LLLTSLLVGLLIYLLGLLILI,clash
YSLLFALLGALLTLL,ala,WT,LLLYSLLFALLGALLILLILI,clash
YLLLTTLLAGLLFSL,ala,WT,LLLYLLLTILLAGLLFSLILI,clash
YALLTALLGGLLFLL,ala,WT,LLLYALLTALLGILLFLLILI,clash
ALLLTVLLGGLLFSL,ala,WT,LLLALLLTVLLGILLFSLILI,clash
LYFLLALLAVLTSLL,ala,WT,LLLLYFLLALLAVLTILLILI,clash
YALLFLLTSLLFSLL,ala,WT,LLLYALLFLLTILLFSLLILI,clash
LAYLLALLFLLTSLL,ala,WT,LLLLAYLLILLFLLTSLLILI,clash
LYALLFLLTALLFSL,ala,WT,LLLLYALLFLLTILLFSLILI,clash
LYVLIALLLLLTSLL,ala,WT,LLLLYVLIALLLLLTILLILI,clash
LFWLLAVLTALLYLL,ala,WT,LLLLFWLLIVLTALLYLLILI,clash
LYWLLTILAFLLSLL,ala,WT,LLLLYWLLIILAFLLSLLILI,clash
LWYLVSLLILLTFLL,ala,WT,LLLLWYLVILLILLTFLLILI,clash
LYLLLAVLLSLLFTL,ala,WT,LLLLYLLLAVLISLLFTLILI,clash
LYWLLTLLVALLSFL,ala,WT,LLLLYWLLTLLVILLSFLILI,clash
FALLLLLVTLLYSLL,ala,WT,LLLFALLILLVTLLYSLLILI,clash
LYFLLATLVALLLSL,ala,WT,LLLLYFLLATLVILLLSLILI,clash
LLFLTALLYVLISLL,ala,WT,LLLLLFLTILLYVLISLLILI,clash
LLALLFVLTSLLYLL,ala,WT,LLLLLALLFVLTILLYLLILI,clash
LSYLLAVLFTLLLIL,ala,WT,LLLLIYLLAVLFTLLLILILI,clash
LYSLTALLFVLLLLL,ala,WT,LLLLYSLTALLIVLLLLLILI,clash
LYVLLALLFTLISLL,ala,WT,LLLLYVLLALLFTLIILLILI,clash
LYLLLAVLTALLFSL,ala,WT,LLLLYLLLAVLTILLFSLILI,clash
LYVLLLALTILLFSL,ala,WT,LLLLYVLLIALTILLFSLILI,clash
LYVLLATLLALLSFL,ala,WT,LLLLYILLATLLALLSFLILI,clash
YTLLAVLIALLLSLL,ala,WT,LLLYTLLAVLIILLLSLLILI,clash
VSLLILLTALLFLLL,ala,WT,LLLVILLILLTALLFLLLILI,clash
YALLLLLVTLLFSLL,ala,WT,LLLYALLLLLVILLFSLLILI,clash
LYVLLALLFTLLSIL,ala,WT,LLLLYVLLALLFTLLIILILI,clash
LFILLAVLLTLLLSL,ala,WT,LLLLIILLAVLLTLLLSLILI,clash
YALLFVLLILLFSLL,ala,WT,LLLYALLIVLLILLFSLLILI,clash
YALLLVLITLLFSLL,ala,WT,LLLYALLLVLIILLFSLLILI,clash
YFLLAVLITLLLSLL,ala,WT,LLLYFLLAVLIILLLSLLILI,clash
YLLLTVLALLLFSLL,ala,WT,LLLYLLLIVLALLLFSLLILI,clash
VALLFLLTSLLYLLL,ala,WT,LLLVALLFLLTILLYLLLILI,clash
YALLLTLIVLLFSLL,ala,WT,LLLYILLLTLIVLLFSLLILI,clash
VTLLLALLLLLFSLL,ala,WT,LLLVILLLALLLLLFSLLILI,clash
FSLLVLLTALLYLLL,ala,WT,LLLFSLLILLTALLYLLLILI,clash
LFLLLAVLYLLLSTL,ala,WT,LLLLFLLLIVLYLLLSTLILI,clash
YALLFVLLLLLTSLL,ala,WT,LLLYALLFVLLLLLISLLILI,clash
YFLLAVLLTLLFSLL,ala,WT,LLLYFLLAVLLILLFSLLILI,clash
LSYLVALLLTLFLLL,ala,WT,LLLLSYLVALLLTLFILLILI,clash
VALLLFLLSLLYTLL,ala,WT,LLLVILLLFLLSLLYTLLILI,clash
LAYLTVLLSILFLLL,ala,WT,LLLLIYLTVLLSILFLLLILI,clash
LFYLTALLILLVSLL,ala,WT,LLLLFYLTILLILLVSLLILI,clash
LVSLLILLTALLFLL,ala,WT,LLLLVSLLILLTILLFLLILI,clash
LYVLLATLLFLLSLL,ala,WT,LLLLYVLLATLLFLLILLILI,clash
VALLLLLFLLLTSLL,ala,WT,LLLVALLLLLFILLTSLLILI,clash
LTYLLAILFVLLLSL,ala,WT,LLLLIYLLAILFVLLLSLILI,clash
YSLLLLLTFLLAVLL,ala,WT,LLLYSLLLLLTFLLIVLLILI,clash
LYVLIALLTLLFSLL,ala,WT,LLLLYVLIALLTLLFILLILI,clash
YTLLAVLLLLLASLL,ala,WT,LLLYTLLAVLLILLASLLILI,clash
SYLLFTLLAILLTLL,ala,WT,LLLSYLLFILLAILLTLLILI,clash
VYLLTALLISLLFLL,ala,WT,LLLVYLLTALLIILLFLLILI,clash
YWLLVALLLALLSTL,ala,WT,LLLYWLLVALLLILLSTLILI,clash
YWLLTALLLSLLFVL,ala,WT,LLLYWLLTALLLILLFVLILI,clash
YWLLVALLISLLTLL,ala,WT,LLLYWLLVALLIILLTLLILI,clash
SYLLVFLLALLLATL,ala,WT,LLLSYLLVFLLILLLATLILI,clash
VSLLLTLLFALLAYL,ala,WT,LLLVSLLLTLLFALLIYLILI,clash
SYLLVLLLAFLLTIL,ala,WT,LLLSYLLVLLLIFLLTILILI,clash
SYLLVFLLATLLSLL,ala,WT,LLLSYLLVFLLITLLSLLILI,clash
VYLLTALLLALLSFL,ala,WT,LLLVYLLTALLLILLSFLILI,clash
SYLLFVLLALLLSTL,ala,WT,LLLSYLLFILLALLLSTLILI,clash
FYLLVALLTALLSLL,ala,WT,LLLFYLLVILLTALLSLLILI,clash
VYLLTALLIALLSLL,ala,WT,LLLVYLLTALLIILLSLLILI,clash
LYLLVALLISLLFTL,ala,WT,LLLLYLLVALLIILLFTLILI,clash
LYLLTALLIALLFVL,ala,WT,LLLLYLLTALLIILLFVLILI,clash
YSLLLALLFALLTIL,ala,WT,LLLYSLLLILLFALLTILILI,clash
YILLATLLAFLLSLL,ala,WT,LLLYILLATLLIFLLSLLILI,clash
AVLLLTLLFALLSYL,ala,WT,LLLIVLLLTLLFALLSYLILI,clash
FYLLTALLIALLSLL,ala,WT,LLLFYLLTALLIILLSLLILI,clash
SYLLTLLLAFLLSIL,ala,WT,LLLSYLLTLLLIFLLSILILI,clash
YILLSTLLALLLAFL,ala,WT,LLLYILLSTLLILLLAFLILI,clash
YSLLVALLFALLTLL,ala,WT,LLLYILLVALLFALLTLLILI,clash
FSLLLTLLAALLSYL,ala,WT,LLLFILLLTLLAALLSYLILI,clash
YTLLIALLFVLLSLL,ala,WT,LLLYTLLIALLFILLSLLILI,clash
YVLLLTLLFALLSLL,ala,WT,LLLYVLLLTLLFILLSLLILI,clash
YILLTVLLALLLSFL,ala,WT,LLLYILLTVLLALLLIFLILI,clash
YSLLVALLFTLLFLL,ala,WT,LLLYSLLVILLFTLLFLLILI,clash
VYLLLALLFTLLSLL,ala,WT,LLLVYLLLALLFILLSLLILI,clash
AILLVTLLFTLLSLL,ala,WT,LLLAILLVTLLFILLSLLILI,clash
YSLLLTLLFALLVIL,ala,WT,LLLYSLLLILLFALLVILILI,clash
YLLLATLLAVLLSFL,ala,WT,LLLYLLLATLLIVLLSFLILI,clash
YWLLLALLVALLSTL,ala,WT,LLLYWLLLILLVALLSTLILI,clash
YILLVALLATLLTLL,ala,WT,LLLYILLVALLATLLILLILI,clash
YVLLIALLFTLLSLL,ala,WT,LLLYVLLIILLFTLLSLLILI,clash
YLLLFTLLAALLTSL,ala,WT,LLLYLLLFILLAALLTSLILI,clash
YTLLVLLLAFLLSIL,ala,WT,LLLYTLLVLLLIFLLSILILI,clash
AVLLLTLLFTLLSYL,ala,WT,LLLAVLLLTLLFILLSYLILI,clash
YLLLATLLFVLLSIL,ala,WT,LLLYLLLATLLFILLSILILI,clash
FSLLLTLLVALLSYL,ala,WT,LLLFSLLLTLLVILLSYLILI,clash
YSLLLALLATLLVFL,ala,WT,LLLYILLLALLATLLVFLILI,clash
YVLLTALLFALLSLL,ala,WT,LLLYVLLTALLFILLSLLILI,clash
YTLLVALLFALLSLL,ala,WT,LLLYTLLVILLFALLSLLILI,clash
YILLLTLLVALLSFL,ala,WT,LLLYILLLILLVALLSFLILI,clash
YSLLIALLFVLLTLL,ala,WT,LLLYSLLIILLFVLLTLLILI,clash
YSLLVALLFLLLATL,ala,WT,LLLYSLLVALLFILLATLILI,clash
YSLLLTLLATLLVFL,ala,WT,LLLYSLLLILLATLLVFLILI,clash
YILLTALLVALLSLL,ala,WT,LLLYILLTALLVILLSLLILI,clash
YSLLVALLFTLLILL,ala,WT,LLLYSLLVALLFILLILLILI,clash
LVLLITLLFALLSYL,ala,WT,LLLLVLLITLLFILLSYLILI,clash
YSLLLILLAVLLTFL,ala,WT,LLLYSLLLILLAVLLIFLILI,clash
YLLLTTLLVALLSFL,ala,WT,LLLYLLLTTLLVILLSFLILI,clash
YFLLVALLTLLLSIL,ala,WT,LLLYFLLVALLILLLSILILI,clash
YLLLSTLLAFLLAIL,ala,WT,LLLYLLLSTLLAFLLIILILI,clash
FYLLITLLVALLSLL,ala,WT,LLLFYLLIILLVALLSLLILI,clash
YLLLATLLAILLFSL,ala,WT,LLLYLLLATLLIILLFSLILI,clash
YVLLTTLLFALLSLL,ala,WT,LLLYVLLTTLLFILLSLLILI,clash
YTLLISLLFVLLALL,ala,WT,LLLYTLLIILLFVLLALLILI,clash
VYLLIALLFSLLTLL,ala,WT,LLLVYLLIALLFILLTLLILI,clash
AILLLTLLFVLLSLL,ala,WT,LLLAILLLILLFVLLSLLILI,clash
YSLLLTLLALLLAFL,ala,WT,LLLYSLLLTLLALLLIFLILI,clash
YTLLVSLLFALLILL,ala,WT,LLLYTLLVSLLFILLILLILI,clash
FYLLVALLISLLTLL,ala,WT,LLLFYLLVALLIILLTLLILI,clash
YSLLLALLFVLLTIL,ala,WT,LLLYSLLLILLFVLLTILILI,clash
YSLLLALLAVLLTIL,ala,WT,LLLYILLLALLAVLLTILILI,clash
YSLLLTLLAALLVFL,ala,WT,LLLYSLLLILLAALLVFLILI,clash
YVLLTILLALLLAFL,ala,WT,LLLYVLLIILLALLLAFLILI,clash
YSLLLALLFALLVTL,ala,WT,LLLYSLLLALLFILLVTLILI,clash
YTLLVSLLAILLTLL,ala,WT,LLLYTLLVSLLAILLILLILI,clash
YILLLTLLAVLLSFL,ala,WT,LLLYILLLTLLIVLLSFLILI,clash
YALLVALLTALLSLL,ala,WT,LLLYILLVALLTALLSLLILI,clash
TYLLVFLLALLLSIL,ala,WT,LLLTYLLVFLLILLLSILILI,clash
YVLLTILLALLLSFL,ala,WT,LLLYVLLTILLILLLSFLILI,clash
TYLLVALLIALLFLL,ala,WT,LLLTYLLVALLIILLFLLILI,clash
YALLLTLLSILLVFL,ala,WT,LLLYALLLTLLIILLVFLILI,clash
YSLLVALLTLLLFIL,ala,WT,LLLYSLLVILLTLLLFILILI,clash
LTLLIALLFVLLYSL,ala,WT,LLLLTLLIALLFILLYSLILI,clash
YSLLLTLLVALLIFL,ala,WT,LLLYSLLLILLVALLIFLILI,clash
YLLLATLLFVLLSLL,ala,WT,LLLYLLLATLLFILLSLLILI,clash
TYLLIALLLALLFVL,ala,WT,LLLTYLLIALLLILLFVLILI,clash
YLLLAVLLAFLLTSL,ala,WT,LLLYLLLIVLLAFLLTSLILI,clash
YILLATLLTLLLSFL,ala,WT,LLLYILLITLLTLLLSFLILI,clash
YTLLIALLAVLLSLL,ala,WT,LLLYILLIALLAVLLSLLILI,clash
YSLLITLLFVLLALL,ala,WT,LLLYSLLITLLFILLALLILI,clash
YLLLTVLLAFLLSIL,ala,WT,LLLYLLLTVLLIFLLSILILI,clash
YSLLLTLLATLLAFL,ala,WT,LLLYILLLTLLATLLAFLILI,clash
YVLLAILLTLLLSFL,ala,WT,LLLYVLLIILLTLLLSFLILI,clash
YALLVALLLTLLSWL,ala,WT,LLLYILLVALLLTLLSWLILI,clash
TYLLTILLAFLLSLL,ala,WT,LLLTYLLTILLIFLLSLLILI,clash
YTLLIALLVLLLFSL,ala,WT,LLLYILLIALLVLLLFSLILI,clash
FVLLTTLLAILLSLL,ala,WT,LLLFVLLTTLLAILLILLILI,clash
YLLLATLLAVLLSIL,ala,WT,LLLYLLLAILLAVLLSILILI,clash
YTLLVSLLALLLAFL,ala,WT,LLLYTLLVSLLILLLAFLILI,clash
YSLLVALLATLLFLL,ala,WT,LLLYSLLVALLAILLFLLILI,clash
YSLLLTLLFVLLALL,ala,WT,LLLYSLLLTLLFILLALLILI,clash
YLLLVALLATLLSFL,ala,WT,LLLYLLLVALLITLLSFLILI,clash
YTLLVALLSTLLFLL,ala,WT,LLLYILLVALLSTLLFLLILI,clash
YSLLFVLLAILLTLL,ala,WT,LLLYSLLFILLAILLTLLILI,clash
TALLIALLFLLLSVL,ala,WT,LLLTALLIALLFILLSVLILI,clash
YFLLAILLAVLLTLL,ala,WT,LLLYFLLAILLIVLLTLLILI,clash
WTLLVFLLAILLSLL,ala,WT,LLLWTLLVFLLIILLSLLILI,clash
YSLLFTLLAVLLALL,ala,WT,LLLYSLLFTLLIVLLALLILI,clash
YALLVALLITLLFLL,ala,WT,LLLYALLVALLITLLFILILI,clash
YSLLLTLLAVLLFSL,ala,WT,LLLYSLLLILLAVLLFSLILI,clash
YSLLLTLLVALLSFL,ala,WT,LLLYSLLLTLLVILLSFLILI,clash
YVLLFALLTVLLSLL,ala,WT,LLLYVLLFILLTVLLSLLILI,clash
YLLLFTLLAVLLSIL,ala,WT,LLLYLLLFILLAVLLSILILI,clash
AYLLGTLLGLLLGFL,leu,WT,LLLAYLLGTLLILLLGFLILI,clash
ALLLGTLLGFLLSIL,leu,WT,LLLALLLGTLLIFLLSILILI,clash
ALLLGVLLGTLLGFL,leu,WT,LLLALLLIVLLGTLLGFLILI,clash
TFLLGLLLGVLLAIL,leu,WT,LLLTFLLGLLLIVLLAILILI,clash
TYLLGVLLGLLLGFL,leu,WT,LLLTYLLGVLLILLLGFLILI,clash
TVLLGILLGLLLAFL,leu,WT,LLLTVLLIILLGLLLAFLILI,clash
AYLLGLLLGFLLGTL,leu,WT,LLLAYLLGLLLIFLLGTLILI,clash
YLLLGILLGTLLAFL,leu,WT,LLLYLLLGILLITLLAFLILI,clash
VGLLFALLGILLTLL,leu,WT,LLLVGLLFALLIILLTLLILI,clash
YVLLGALLGILLTLL,leu,WT,LLLYVLLIALLGILLTLLILI,clash
YVLLGLLLGTLLAFL,leu,WT,LLLYVLLGLLLITLLAFLILI,clash
YGLLFLLLGVLLATL,leu,WT,LLLYGLLFLLLGVLLITLILI,clash
YFLLAVLLGLLLGTL,leu,WT,LLLYFLLAVLLILLLGTLILI,clash
YLLLGALLGALLTFL,leu,WT,LLLYLLLGALLIALLTFLILI,clash
ALLLGLLLGTLLSFL,leu,WT,LLLALLLGLLLITLLSFLILI,clash
YFLLATLLGLLLGVL,leu,WT,LLLYFLLATLLILLLGVLILI,clash
YVLLGLLLGFLLSTL,leu,WT,LLLYVLLGLLLIFLLSTLILI,clash
AYLLGVLLGLLLAFL,leu,WT,LLLAYLLGVLLILLLAFLILI,clash
VALLALLLGTLLSFL,leu,WT,LLLVALLALLLITLLSFLILI,clash
VTLLLGLLFALLSTL,leu,WT,LLLVTLLLILLFALLSTLILI,clash
LVLLTTLLGGLLFAL,leu,WT,LLLLVLLTTLLGGLLFILILI,clash
YVLLALLLGTLLGFL,leu,WT,LLLYVLLALLLITLLGFLILI,clash
TALLVGLLGGLLFLL,leu,WT,LLLTALLVILLGGLLFLLILI,clash
YVLLATLLGLLLGFL,leu,WT,LLLYVLLITLLGLLLGFLILI,clash
LVLLIGLLFGLLFAL,leu,WT,LLLLVLLIILLFGLLFALILI,clash
YGLLFALLGILLTLL,leu,WT,LLLYGLLFALLGILLILLILI,clash
VTLLLGLLFGLLFAL,leu,WT,LLLVTLLLGLLFILLFALILI,clash
AGLLFLLLGTLLSYL,leu,WT,LLLAGLLFLLLGTLLIYLILI,clash
TVLLLGLLFGLLFAL,leu,WT,LLLTVLLLGLLFILLFALILI,clash
VTLLFSLLGALLSLL,leu,WT,LLLVILLFSLLGALLSLLILI,clash
TFLLAILLGLLLGVL,leu,WT,LLLTFLLAILLILLLGVLILI,clash
AVLLTSLLGGLLFLL,leu,WT,LLLAVLLTSLLGILLFLLILI,clash
YGLLFALLGTLLSLL,leu,WT,LLLYGLLFALLGTLLILLILI,clash
TVLLGLLLGLLLGFL,leu,WT,LLLTVLLILLLGLLLGFLILI,clash
YVLLATLLGGLLFLL,leu,WT,LLLYVLLATLLIGLLFLLILI,clash
AGLLFLLLGVLLATL,leu,WT,LLLAGLLILLLGVLLATLILI,clash
LTLLVALLAGLLFSL,leu,WT,LLLLTLLVALLAILLFSLILI,clash
AALLALLLGVLLGTL,leu,WT,LLLAALLALLLGVLLITLILI,clash
LTLLVGLLFALLYGL,leu,WT,LLLLTLLVILLFALLYGLILI,clash
TFLLAVLLGLLLGIL,leu,WT,LLLTFLLAVLLILLLGILILI,clash
TALLFLLLGVLLGIL,leu,WT,LLLTALLFLLLGVLLIILILI,clash
LVLLTGLLFGLLYAL,leu,WT,LLLLVLLTGLLFILLYALILI,clash
LALLFALLGILLSTL,leu,WT,LLLLALLFALLIILLSTLILI,clash
YFLLATLLGVLLGLL,leu,WT,LLLYFLLATLLIVLLGLLILI,clash
LVLLGALLGTLLSFL,leu,WT,LLLLVLLGALLITLLSFLILI,clash
TALLLALLFGLLFSL,leu,WT,LLLTALLLALLFILLFSLILI,clash
VTLLLTLLGALLSAL,leu,WT,LLLVTLLLTLLGALLIALILI,clash
AVLLFSLLGLLLGTL,leu,WT,LLLAVLLFSLLGLLLITLILI,clash
TALLAGLLFLLLSVL,leu,WT,LLLTALLIGLLFLLLSVLILI,clash
FALLASLLGILLTLL,leu,WT,LLLFALLASLLGILLILLILI,clash
AALLFSLLGLLLGTL,leu,WT,LLLAALLFSLLGLLLITLILI,clash
YVLLFLLLGALLGTL,leu,WT,LLLYVLLFLLLIALLGTLILI,clash
YVLLTLLLGGLLFAL,leu,WT,LLLYVLLTLLLGGLLFILILI,clash
YLLLGALLGVLLSTL,leu,WT,LLLYLLLGALLIVLLSTLILI,clash
VLLLATLLGSLLGTL,leu,WT,LLLVLLLATLLGSLLITLILI,clash
TALLVGLLGLLLGFL,leu,WT,LLLTALLVGLLILLLGFLILI,clash
LVLLATLLGGLLSIL,leu,WT,LLLLVLLATLLGGLLIILILI,clash
LLLLLAVLTALLFIL,leu,WT,LLLLLILLAVLTALLFILILI,clash
LVALLLLLTSLLFLL,leu,WT,LLLLVALLLLLTILLFLLILI,clash
LVALLLLLTALLFIL,leu,WT,LLLLVALLLLLTILLFILILI,clash
LYVLTALLFLLISLL,leu,WT,LLLLYVLTALLILLISLLILI,clash
LFVLLAILYLLLSTL,leu,WT,LLLLFVLLIILYLLLSTLILI,clash
LVALLLLLTSLIFLL,leu,WT,LLLLVALLLLLTILIFLLILI,clash
LVLLLTILLFLLSAL,leu,WT,LLLLVILLTILLFLLSALILI,clash
LAILLAVLFLLLSTL,leu,WT,LLLLAILLAVLFLLLITLILI,clash
LAVLTALLLLLFSLL,leu,WT,LLLLIVLTALLLLLFSLLILI,clash
VLLLAILFLLLTSLL,leu,WT,LLLVLLLAILFLLLISLLILI,clash
LAILLALLFVLTSLL,leu,WT,LLLLAILLALLFVLTILLILI,clash
LAILLLLLTVLFSLL,leu,WT,LLLLAILLLLLTVLFILLILI,clash
LAVLLLILTLLLSFL,leu,WT,LLLLAVLLLILILLLSFLILI,clash
LLLLLFVLATLLSIL,leu,WT,LLLLLLLLFVLATLLIILILI,clash
LTVLLALLFLLISLL,leu,WT,LLLLTVLLALLFLLIILLILI,clash
LALLFLLTSLLYVLL,leu,WT,LLLLALLILLTSLLYVLLILI,clash
LVLLLAILFTLLSLL,leu,WT,LLLLVLLLAILFTLLILLILI,clash
LALLLLFLTVLLSIL,leu,WT,LLLLILLLLFLTVLLSILILI,clash
LILLLALLFVLTSLL,leu,WT,LLLLILLLILLFVLTSLLILI,clash
LTVLLAILFLLLSLL,leu,WT,LLLLTVLLAILFLLLILLILI,clash
VALLTILLALLFSLL,leu,WT,LLLVALLTILLILLFSLLILI,clash
LFVLTILLALLYSLL,leu,WT,LLLLFVLTILLILLYSLLILI,clash
LLLLLAVLYTLLSFL,leu,WT,LLLLLLLLIVLYTLLSFLILI,clash
LAVLLLTLALLLSFL,leu,WT,LLLLAVLLLTLILLLSFLILI,clash
YALLFVLTALLLSLL,leu,WT,LLLYILLFVLTALLLSLLILI,clash
LWTLIALLLVLFSLL,leu,WT,LLLLWTLIALLLVLFILLILI,clash
LTILLLVLALLLSFL,leu,WT,LLLLIILLLVLALLLSFLILI,clash
YWLLTVLFLLLASLL,leu,WT,LLLYWLLTVLFLLLISLLILI,clash
LFVLLLLLATLISLL,leu,WT,LLLLFVLLILLATLISLLILI,clash
LYLLLFILAVLLSTL,leu,WT,LLLLYLLLFILIVLLSTLILI,clash
YFLLAILVTLLLSLL,leu,WT,LLLYFLLAILVILLLSLLILI,clash
LAVLLALLLILLSTL,leu,WT,LLLLIVLLALLLILLSTLILI,clash
LLVLLAILLFLLSTL,leu,WT,LLLLLVLLIILLFLLSTLILI,clash
LYILLALLFVLLSTL,leu,WT,LLLLYILLALLFVLLITLILI,clash
LLLLTALLIFLVSLL,leu,WT,LLLLLLLTALLIFLVILLILI,clash
LLLLLFILAVLLSTL,leu,WT,LLLLLLLLFILIVLLSTLILI,clash
LLALLLILVTLLSFL,leu,WT,LLLLLALLLILVILLSFLILI,clash
LFALLTILVALLSLL,leu,WT,LLLLFALLTILVILLSLLILI,clash
LVALLLILFLLLSTL,leu,WT,LLLLVALLLILFLLLITLILI,clash
LTLLVALLLFLISLL,leu,WT,LLLLILLVALLLFLISLLILI,clash
LFLLLLALTVLLSIL,leu,WT,LLLLFLLLLALTVLLIILILI,clash
AALLLLLVTLLFSLL,leu,WT,LLLAALLLLLVILLFSLLILI,clash
LTLLLALIVLLFSLL,leu,WT,LLLLTLLLALIVLLISLLILI,clash
LAILLTLLAVLFSLL,leu,WT,LLLLAILLTLLIVLFSLLILI,clash
LFVLLALLTILLSLL,leu,WT,LLLLFVLLILLTILLSLLILI,clash
LFLLLAILLVLLSTL,leu,WT,LLLLFLLLAILLVLLITLILI,clash
YLLLAVLTSLLFLLL,leu,WT,LLLYLLLAVLTSLLILLLILI,clash
FALLLILTALLYVLL,leu,WT,LLLFALLLILTILLYVLLILI,clash
LAVLLFLLATLISLL,leu,WT,LLLLIVLLFLLATLISLLILI,clash
VALLLILTFLLASLL,leu,WT,LLLVILLLILTFLLASLLILI,clash
LAVLLFLLALLTSLL,leu,WT,LLLLAVLLFLLILLTSLLILI,clash
LLFLLATLLILLSVL,leu,WT,LLLLLFLLITLLILLSVLILI,clash
LVLLLTILFLLLSAL,leu,WT,LLLLVLLLTILFILLSALILI,clash
SYLLFTLLALLLAVL,leu,WT,LLLSYLLFTLLILLLAVLILI,clash
WYLLLVLLATLLSFL,leu,WT,LLLWYLLLVLLATLLIFLILI,clash
YTLLISLLVALLFLL,leu,WT,LLLYTLLISLLVILLFLLILI,clash
LSLLFALLIALLVTL,leu,WT,LLLLSLLFILLIALLVTLILI,clash
YALLLALLVSLLFTL,leu,WT,LLLYILLLALLVSLLFTLILI,clash
ATLLISLLFTLLVLL,leu,WT,LLLATLLIILLFTLLVLLILI,clash
TYLLFTLLAVLLSLL,leu,WT,LLLTYLLFTLLIVLLSLLILI,clash
LYLLITLLFSLLVAL,leu,WT,LLLLYLLITLLFILLVALILI,clash
VYLLLALLTALLSIL,leu,WT,LLLVYLLLALLTILLSILILI,clash
TYLLVALLAILLSLL,leu,WT,LLLTYLLVALLAILLILLILI,clash
TYLLFVLLAILLSLL,leu,WT,LLLTYLLFVLLIILLSLLILI,clash
VYLLITLLFALLSLL,leu,WT,LLLVYLLITLLFILLSLLILI,clash
LYLLVTLLFALLSIL,leu,WT,LLLLYLLVTLLFILLSILILI,clash
FYLLTALLITLLVLL,leu,WT,LLLFYLLTALLIILLVLLILI,clash
TYLLVALLTFLLSLL,leu,WT,LLLTYLLVALLIFLLSLLILI,clash
FVLLATLLAYLLSLL,leu,WT,LLLFVLLATLLIYLLSLLILI,clash
LYLLIALLVALLSTL,leu,WT,LLLLYLLIALLVILLSTLILI,clash
YALLVALLFTLLSLL,leu,WT,LLLYALLVALLFILLSLLILI,clash
YVLLATLLAFLLSLL,leu,WT,LLLYVLLATLLIFLLSLLILI,clash
YTLLVALLFLLLSLL,leu,WT,LLLYTLLVALLFILLSLLILI,clash
FYLLLTLLVALLSIL,leu,WT,LLLFYLLLTLLVILLSILILI,clash
YALLTSLLVALLFLL,leu,WT,LLLYALLTSLLVILLFLLILI,clash
YALLTILLTFLLSLL,leu,WT,LLLYALLTILLIFLLSLLILI,clash
TYLLLALLVSLLFIL,leu,WT,LLLTYLLLALLVILLFILILI,clash
TALLVALLAYLLSFL,leu,WT,LLLTALLVALLIYLLSFLILI,clash
LVLLIALLFTLLSYL,leu,WT,LLLLVLLIALLFILLSYLILI,clash
FYLLVALLLTLLSLL,leu,WT,LLLFYLLVALLLTLLILLILI,clash
TALLIALLFVLLSLL,leu,WT,LLLTILLIALLFVLLSLLILI,clash
YVLLLTLLATLLSFL,leu,WT,LLLYVLLLTLLATLLIFLILI,clash
FALLTILLAYLLSLL,leu,WT,LLLFILLTILLAYLLSLLILI,clash
LALLFALLVSLLTWL,leu,WT,LLLLALLFALLVSLLIWLILI,clash
LTLLATLLAVLLSFL,leu,WT,LLLLTLLAILLAVLLSFLILI,clash
YTLLATLLFLLLSVL,leu,WT,LLLYTLLAILLFLLLSVLILI,clash
YTLLATLLVLLLSFL,leu,WT,LLLYILLATLLVLLLSFLILI,clash
TVLLLALLFALLSIL,leu,WT,LLLTVLLLALLFILLSILILI,clash
YALLLALLFSLLVTL,leu,WT,LLLYILLLALLFSLLVTLILI,clash
LALLIALLFVLLSTL,leu,WT,LLLLALLIALLFILLSTLILI,clash
FYLLVILLALLLSTL,leu,WT,LLLFYLLVILLALLLITLILI,clash
YLLLVTLLAILLSFL,leu,WT,LLLYLLLVTLLAILLIFLILI,clash
YALLTALLSVLLFLL,leu,WT,LLLYALLTALLSILLFLLILI,clash
YVLLFILLALLLSTL,leu,WT,LLLYVLLFILLALLLITLILI,clash
YALLIALLFTLLVLL,leu,WT,LLLYALLIALLFILLVLLILI,clash
LTLLIALLVALLSFL,leu,WT,LLLLTLLIALLVILLSFLILI,clash
YALLTTLLSVLLFLL,leu,WT,LLLYALLTTLLIVLLFLLILI,clash
YILLFTLLVALLSLL,leu,WT,LLLYILLFILLVALLSLLILI,clash
TYLLIVLLALLLSFL,leu,WT,LLLTYLLIVLLALLLIFLILI,clash
LALLFALLTVLLSIL,leu,WT,LLLLALLFALLTILLSILILI,clash
YVLLIALLATLLSLL,leu,WT,LLLYVLLIALLAILLSLLILI,clash
YILLSVLLALLLTFL,leu,WT,LLLYILLSVLLILLLTFLILI,clash
AALLLSLLFTLLVFL,leu,WT,LLLAALLLSLLFILLVFLILI,clash
TYLLVALLIALLSLL,leu,WT,LLLTYLLVILLIALLSLLILI,clash
YALLFALLLSLLVTL,leu,WT,LLLYILLFALLLSLLVTLILI,clash
YILLFALLTVLLSLL,leu,WT,LLLYILLFALLTVLLILLILI,clash
YSLLTALLVALLFLL,leu,WT,LLLYSLLTALLVILLFLLILI,clash
VALLLTLLAILLSFL,leu,WT,LLLVILLLTLLAILLSFLILI,clash
LALLVALLSTLLIFL,leu,WT,LLLLILLVALLSTLLIFLILI,clash
YALLLTLLVALLSFL,leu,WT,LLLYALLLTLLVILLSFLILI,clash
VYLLLALLTSLLFIL,leu,WT,LLLVYLLLILLTSLLFILILI,clash
YFLLVALLLALLSTL,leu,WT,LLLYFLLVILLLALLSTLILI,clash
ALLLVTLLAILLSFL,leu,WT,LLLALLLVILLAILLSFLILI,clash
TYLLLVLLAILLSFL,leu,WT,LLLTYLLLVLLIILLSFLILI,clash
YALLVALLSLLLFTL,leu,WT,LLLYILLVALLSLLLFTLILI,clash
TALLLALLAVLLSFL,leu,WT,LLLTALLLALLAILLSFLILI,clash
YALLLTLLSVLLFIL,leu,WT,LLLYALLLILLSVLLFILILI,clash
LILLSTLLATLLVFL,leu,WT,LLLLILLSTLLITLLVFLILI,clash
VALLLALLFALLSTL,leu,WT,LLLVALLLALLFILLSTLILI,clash
YVLLATLLALLLSFL,leu,WT,LLLYVLLATLLALLLIFLILI,clash
YALLLSLLTALLVFL,leu,WT,LLLYALLLILLTALLVFLILI,clash
TVLLALLLAFLLSIL,leu,WT,LLLTVLLILLLAFLLSILILI,clash
YALLLTLLVALLSIL,leu,WT,LLLYALLLTLLVILLSILILI,clash
YVLLFTLLAALLSLL,leu,WT,LLLYVLLFTLLAALLILLILI,clash
AYLLVLLLATLLSFL,leu,WT,LLLAYLLILLLATLLSFLILI,clash
YVLLATLLTFLLSLL,leu,WT,LLLYVLLITLLTFLLSLLILI,clash
TYLLAVLLAILLFLL,leu,WT,LLLTYLLAVLLIILLFLLILI,clash
